name,place,price
成都华宇锦城名都,银河北街198号 ,0
成都红枫岭三期,建设南路160号 ,7803
成都龙城一号,龙城大道1号 ,0
成都诺丁山,武兴一路2号 ,7408
成都莲花逸都,海椒市街68号 ,0
成都中海格林威治城,望江路1号 ,23064
成都瑞升望江橡树林,三官堂街1号橡树林路166号 ,0
成都金科一城,东丽街138号 ,0
成都国际花园,永丰路24号附1号 ,0
成都会所花园,晋阳巷2号（会所印象旁边） ,0
成都世纪城天鹅湖花园,世纪城路88号 ,11652
成都左右,东坡北二路169号 ,7588
成都龙湖三千城,二环路东二段1号 ,0
成都上道西城,武青北路76号 ,0
成都翡翠城五期,华润路36号 ,0
成都华侨城纯水岸,交大立交桥外侧西华大道9号（欢乐谷对面) ,22998
成都红枫岭二期,圣灯路111号 ,7670
成都佳兆业丽晶港,同兴东路88号 ,5779
成都怡丰新城,天府大道南段651号 ,14151
成都鸿阁一号,龙灯山路281号 ,0
成都天府长城图南多,高新区天顺路222号 ,0
成都鑫苑名家,牡丹街595号 ,17330
成都蓝光花满庭,洞子口路333号 ,15521
成都新里柏仕公馆,金马河路8号附11号 ,6895
成都青房尚瑞天韵,蜀西环街59号 ,0
成都雕墅,锦兴路1号（锦兴路和红星路交叉） ,10253
成都丽景华庭二期,龙腾西路3号（清水河桥外300米） ,8976
成都长久新城,金牛长青北街28号 ,11364
成都澳龙名城,牛沙北路171号 ,10277
成都上东阳光,洪河大道8号 ,11750
成都观南上域,新光路1号 ,22249
成都中华锦绣,潮音大道109号 ,7417
成都上锦雅筑,火车南站西路25号 ,16246
成都华府金沙,蜀源路1号(金沙西单商场旁) ,0
成都新里派克公馆,金粮路566号 ,13439
成都南城都汇1期汇翠园,成都市雍翠路222号 ,0
成都中海龙湾半岛,龙腾正街1号/龙腾中路8号 ,21900
成都恒大城,凤溪大道南段555号 ,6727
成都东苑小区,桂溪路123号 ,22983
成都华润二十四城二期,双成三路18号（万象城附近） ,11293
成都中海城南一号,交子大道199号 ,13587
成都华润二十四城,双庆路6号 ,20377
成都中海国际社区橙郡,蜀西路399号 ,17061
成都绿地世纪城,北新干线以东，北三环内侧 ,14510
成都蜀都花园,水碾河路14号 ,0
成都龙湖三千里,成华区建业路88号 ,11545
成都蓝光圣菲TOWN城,黄河中路36号 ,6027
成都浅水半岛,成华区欣然一街1号 ,9538
成都久居福,西南航港区临港路四段9号 ,9796
成都蓝光SOFA社区,成飞大道南段238号 ,7436
成都御府花都,天泰路47号 ,0
成都天府长城半岛城邦,高新区濯锦东路（成都七中实验中学街对面500米） ,0
成都锦绣森邻,温泉大道一段1399号 ,5482
成都新界三期,武阳大道二段456号 ,0
成都天府欣苑,高新区民丰大道889号 ,27064
成都西子香荷,琼楼路99号 ,9735
成都蓝光锦绣城,和美东路 ,17070
成都合能耀之城,建业路30号 ,20162
成都天空城,崔家店路500号 ,0
成都世纪光华,花都大道888号 ,4963
成都天府长城柏南郡,天长路59号 ,0
成都万科城市花园,静安路1号（龙兴大道旁） ,0
成都银唐国际,滨江东路166号 ,0
成都伊甸阳光,棕树西街2号 ,0
成都博瑞都市花园,青羊大道101号 ,10900
成都上海花园,神仙树南路39号 ,0
成都新加坡花园,桐梓林南路3号 ,19032
成都华侨城,成都市金牛区西华大道9号 ,20998
成都森宇美茵河谷,同兴东路398号 ,5944
成都府河音乐花园,新希望大道123号 ,10980
成都金沙鹭岛,金阳路121号 ,22484
成都蓉上坊二期,牛王庙巷66号 ,0
成都华润置地凤凰城,德赛二街166号 ,0
成都黄金海岸,新希望大道300号 ,6333
成都锦江城市花园,三圣乡喜书街668号 ,15612
成都中海兰庭,高新区胜邦街333号 ,25912
成都万科金域蓝湾,建设路1号 ,25528
成都南苑小区,A区锦尚西二路89号、B区锦悦西路56号 ,0
成都蓝光云鼎,金牛区蜀兴中街111号 ,0
成都中海锦城,成都武侯区龙井村2、4、8、9组及... ,16448
成都恒大绿洲,银河路118号 ,0
成都东山国际新城,成龙路东山国际大道1号 ,5549
成都富丽花城,荆翠中路88号 ,0
成都桐梓林欧城,桐梓林南路7号 ,0
成都万科魅力之城,万科路1号 ,18901
成都千居朝阳,双庆路26号 ,8905
成都长富新城,青羊通惠门路69号 ,23776
成都楠丽湾,永盛南街10号 ,0
成都卓锦城,三圣乡 ,18511
成都世纪朝阳,宏济新路298号 ,25765
成都橄榄郡,新都静安路19号（西南石油学院正对面） ,9825
成都天合凯旋城,瑞联路66号 ,10124
成都泰和佳园,天环街719号 ,0
成都大庆蜀苑,春江南路98号 ,0
成都鹭岛国际社区,鹭岛路33号 ,21856
成都万科朗润园,凤凰北街21号 ,0
成都泊景湾,龙腾中路12号 ,0
成都蓝水湾,二环路北四段2号 ,0
成都新绿季节,新光路62号 ,0
成都翠微清波,金福路419号/金福路218号 ,17895
成都华楠半岛,中和大道一段39号 ,0
成都边城香格里,清泉南街99号 ,5741
成都蓝光香境,凤凰北大街666号 ,0
成都锦绣光华,中坝街29号 ,13754
成都上行汇锦,点将台东街89号 ,0
成都粼江峰阁,顺江路81号 ,0
成都华润橡树湾,西区大道1398号 ,4872
成都翡翠城四期,华润路158号 ,0
成都时代晶科名苑,府城大道中段188号 ,0
成都成都雅居乐花园,双流县万安镇韩婆岭村（麓山大道二段19号） ,12853
成都锦绣华都,三强路北二段88号 ,5838
成都兴元华盛,羊子山路69号 ,12841
成都香瑞湖,鹏程路1099号 ,5514
成都华阳滨河花园,双流县华阳镇新希望大道59号（南延线504公交终点站） ,11612
成都东立清水河畔,金福南路55号 ,7846
成都优品道,青羊大道99号 ,25032
成都新希望大厦,武侯成都市人民南路四段45号 ,0
成都西花汀,天宝西街299号 ,5432
成都双华麓港,天府大道南端2036号 ,14826
成都印象金沙,金阳路390号 ,17116
成都阳光365,锦兴路34号 ,0
成都锦城苑,蜀汉路289号 ,12597
成都中华名园二期,顺和街89号 ,9121
成都维多利亚公寓,紫瑞大道188号 ,10800
成都晶蓝半岛,九眼桥宏济中路38号 ,26072
成都东苑小区C,金桂路238号 ,21292
成都蓝光金楠府,武晋路458号 ,8471
成都城南名著,天府大道南端1299号 ,15871
成都红枫岭,东门二环路建设南路93号 ,15631
成都仁和春天大道,光华大道三段118号 ,7010
成都中海国际社区,蜀西路399号 ,17243
成都棠湖泊林镇,涧槽中街38号 ,7170
成都康郡,锦华路二段36号 ,0
成都颐和家园,建和路6号 ,18310
成都香楠湖,国际新城涧槽中街333号 ,11727
成都金楠国际,太平园东五街31号 ,0
成都东城攻略,东四横街8号 ,0
成都兴元丽园,顺和街2号（武侯立交内侧） ,6964
成都叠翠峰,广和二街88号 ,18028
成都天府长城嘉南地,天久南巷169号 ,0
成都芙蓉城,金牛育德路88号 ,0
成都双玺,青羊贝森路216号 ,19308
成都时代尊城,东坡路399号 ,11984
成都东林城市花园,荆竹东路268号 ,0
成都成达佳园,世纪城路920号（新会展中心旁） ,6940
成都首创爱这城,二环路东二段500号 ,0
成都万达锦华城,二环东五段29号 ,0
成都蓝光凯丽美域,金祥路55号 ,9421
成都驿鑫乡卿城,武科东二路2号 ,6665
成都森宇音乐花园,温泉大道一段558号 ,4602
成都超洋花园,超洋路１号(西南民族大学对面) ,0
成都智慧康城,星河路89号 ,8300
成都金沙愉景,青羊清波路385号（三环路西四段） ,16219
成都碧华邻,东坡北三路99号 ,9671
成都盛南领地,天华路77号 ,7119
成都阳光华苑,华府大道一段1175号 ,0
成都交大绿岭,观音桥街22号 ,17735
成都中海国际林汀别墅,高新西区羊犀线蜀西路 ,28801
成都西线阳光,黄金路9号 ,0
成都麓山国际香溪堤,麓山大道二段6号 ,0
成都华都美林湾,锦江区白桦林路29号 ,7284
成都蓝光富丽碧蔓汀,解放路一段75号 ,11331
成都锦江城市花园二期,海棠路608号 ,8009
成都蓝光富丽东方,和美东路8号 ,7786
成都神仙树大院四期,紫荆西路6号 ,12889
成都橙花风景,东坡北二路670号 ,19904
成都首座,人民南路四段48号 ,0
成都蓝光公馆1881,神仙树盛和三街宜家附近（欧尚超市西行200米） ,23846
成都上锦颐园,尚锦路166号 ,10108
成都中海名城,神仙树南路8号 ,13988
成都时代豪庭,芷泉街段188号（兰桂坊旁） ,15823
成都中大君悦金沙花园,清江西路（西单商场旁） ,0
成都翰林上岛,临港路三段8号（紧邻西南民族大学新校区） ,0
成都汇融名城,二环路北四段9号 ,0
成都金强大学城,南熏大道三段855号 ,5185
成都华西花园,二仙桥东路188号 ,12435
成都翡翠海湾,蜀跃东路138号 ,0
成都光华美邻,瑞星路89号 ,8845
成都现代城,金牛金沙路169号 ,16958
成都彩叠园,光华大道三段鹏程路1088号 ,13314
成都武侯国际花园,武侯大道双楠段58号 ,0
成都晶蓝半岛二期,宏济新路488号 ,13005
成都麓山国际麓镇帕萨迪纳,人民南路南延线麓山大道二段6号 ,0
成都蓉上坊,锦江牛王庙巷66号 ,22230
成都罗浮世家二期,高升桥南街8号 ,0
成都交大智能六期,群星路11号 ,0
成都金沙西园4期,金鹏街109号 ,22913
成都大成天府景秀,广都大道189号 ,5639
成都巷上生活馆,广福桥正街28号 ,0
成都蔚蓝卡地亚,人民南路南延线 ,21993
成都麓山国际拉佩维尔,麓山大道二段6号 ,0
成都蓝谷地,静宁路9号 ,15297
成都银都花园,新光路8号 ,19431
成都新城市广场,西大街1号 ,0
成都融城理想,天益街78号 ,16376
成都东苑小区D,金桂路238号 ,20531
成都财富中心,大业路6号（盐市口附近） ,0
成都置信丽都花园城,武侯聚萃街388号 ,0
成都南湖国际社区,双流华阳街道南湖西路18号 ,14944
成都金牛花园,黄金路222号 ,0
成都蓝谷地三四期,锦江区合欢树街1500号 ,0
成都喜年广场,下东大街216号 ,0
成都花间集,龙腾西路2号 ,19819
成都花样年别样城,花样年大道1号 ,0
成都海峡新城,柳台大道东段61号 ,5281
成都国嘉.新视界,锦东路668号 ,0
成都中海常春藤花园,龙腾中路6号 ,0
成都依云镇,光华大道三段1333号 ,5547
成都新里维多利亚,紫瑞大道188号 ,0
成都戛纳滨江,滨河路二段169号 ,0
成都兴元绿洲,新泉路33号(北湖凝翠公园畔) ,0
成都朝阳时代西锦,花都大道西段399号 ,4728
成都锦官丽城亲水湾,新希望大道二段158号 ,0
成都雅郡,静安路368号 ,0
成都时代印象,北东街1号（正成财富领地对面） ,0
成都瀚林花园,二环路东一段28号 ,16316
成都力宝大厦,武侯科华北路62号 ,0
成都明阳家在回廊,蜀汉路367号 ,0
成都蜀郡,华阳华府大道一段518号 ,17879
成都蓝光凯丽香江,锦江区翠柳湾支路199号 ,8154
成都外滩,宏济新路49号 ,0
成都王府花园,芳草街6号 ,13776
成都金地嘉年华城,蜀辉路469号 ,19815
成都龙湖长桥郡,新津县花源镇白云大道419号 ,10796
成都凯华丽景,天府大道四段6号 ,0
成都东苑小区B,金桂路238号 ,20167
成都索尔龙舟,静渝路2号 ,0
成都曦城,金仙桥路8号 ,10804
成都鸿运之星,蜀清路239号 ,6856
成都中海国际社区碧林,汇川街599号 ,8557
成都祥域,金凤路1号（金沙车站附近） ,9807
成都翡翠城二期,华润路2号（临翡翠城商业街） ,0
成都世纪金沙,青羊蜀辉路235号 ,22399
成都建信奥林匹克花园,光华大道三段336号 ,0
成都中海国际社区林庭叠院,蓝岸街555号 ,0
成都成都花园,青羊青羊大道8号 ,19794
成都梧桐世家,玉林西路96号 ,16038
成都爱家馨城,永盛南街11号 ,0
成都鹭岛国际二期,武侯区鹭岛路35号 ,12265
成都鹭岛国际社区三期,武侯鹭岛路36号 ,21501
成都培风小区,双星大道培风路80号 ,11869
成都中海国际社区熙岸,碧林街577号 ,0
成都上行锦绣,荆竹坝东街333号 ,0
成都蓝色空间,长兰路1号 ,8521
成都玲珑南域,新乐中街280号 ,8971
成都兴元嘉园,果堰街8号（草金立交旁） ,7400
成都和信派都,一环路南一段6号 ,0
成都双楠花园,广福桥西街1号 ,0
成都蓉铁花园,荆竹西路159号 ,11442
成都慕和南道,迎宾大道 ,16305
成都凯丽滨江,天环街680号 ,9254
成都保利公园198,新都蜀龙路1980号（三环蜀龙路熊猫基地旁） ,11380
成都双楠所有阳光,二环路西一段59号 ,8573
成都翡翠城三期,琉璃路718号 ,0
成都卓锦城二期,成都市锦江区国香街188号 ,17896
成都香瑞湖花园四期,温江凤凰村 ,0
成都富丽锦城,西林一街18号 ,0
成都高地,建设路9号（成都六医院附近） ,0
成都二十一世纪花园,贝双路111号 ,13945
成都成都后花园,西门金牛大道、金牛宾馆向西2.8公里 ,17854
成都阳光舜苑,崔家店路262号 ,0
成都海科名城,海科路1号(西南财经大学柳林校区附近） ,4594
成都星语双城,武青北路9号 ,11175
成都商鼎国际,人民南路4段27号 ,16845
成都金房苑琴园,金房苑东路26号 ,0
成都金沙兰亭,金泽路1号（金沙遗址正门附近） ,0
成都世代锦江凯旋门,滨江西路8号 ,0
成都盛世名居,会龙路59号 ,16513
成都凯莱帝景,桐梓林北段2号 ,0
成都金色花园,武侯武侯大道双楠段60号 ,4012
成都冠城花园,小南街123号 ,16786
成都金沙雍锦湾花园别墅,青羊金泽路118号 ,0
成都正成财富领地,东珠市街85号 ,13306
成都优品道二期,青羊大道99号 ,10608
成都金茂礼都,洗面桥街20号 ,0
成都花样年华风华庭,广福桥北街8号 ,0
成都78号观邸,锦里西路78号 ,11668
成都棕榈南岸,天府大道南段1081号 ,0
成都锦官秀城,武侯棕树东街1、2号 ,0
成都锦洲花园,三官堂街31号 ,0
成都时代广场,总府路2号 ,0
成都摩卡筑,群众路69号 ,22854
成都蓝色理想,龙泉驿蔚蓝路2号 ,5306
成都百仁安盛,黄金东二路66号 ,0
成都水漪袅铜,新希望路2号 ,0
成都金都花园,蜀汉中路526号 ,0
成都美丽星,龙祥路1号（龙祥路与龙华北路交汇处） ,0
成都优客联邦,武侯二环路南四段69号 ,18113
成都优地B区,武侯区佳灵路33号 ,0
成都锦西民园,星辰东一街1号 ,0
成都润新花园,机场路口 ,11065
成都理想中心,高新区高新区天益街38号 ,0
成都长城半岛城邦,濯锦东路（南延线·三环外·锦江旁） ,26966
成都红牌楼广场,武侯区佳灵路7号 ,0
成都沙河源上金府,洞子口路168号 ,0
成都交大智能八期,银沙北街1号 ,0
成都华润凤凰城二期,高新区天府二街966号 ,9305
成都红南港MITOWN,二环路西一段5号 ,9914
成都舜苑一里阳光,望从东路308号（高新西区配套商务中心附近） ,5006
成都康河郦景三期,少陵路50号 ,0
成都上河新城,大安西路58号 ,0
成都华宇阳光四季,驷马桥新横街14号 ,0
成都师大现代花园,龙城大道9号（四川师范大学新校区内） ,5485
成都中铁双龙湾,清水滨河路788号 ,0
成都育才都市家园,晨辉路166号 ,0
成都西城天下,蜀汉路347号 ,0
成都置信丽都花园,丽都路2号/6号/16号/76号 ,0
成都熙城国际,营门口路48号 ,0
成都御源大湖区,驿都大道中路900号 ,5862
成都西城公馆,一品天下大街339号 ,0
成都半山卫城,胜利镇长兴路168号 ,10680
成都铸信境界,贝森路323号 ,0
成都珠江国际花园,天宝西街89号 ,6279
成都置信巴厘岛,城南三环内 武侯立交内侧 ,19450
成都镏金岁月,牛沙北路166号 ,9003
成都利通出水芙蓉,新希望大道398号 ,6918
成都白鸽岛尚,蜀西南三路19号 ,7856
成都花样年花郡,双庆路99号 ,10347
成都齐力花园,青羊大道318号 ,17938
成都美丽朋城,东顺路174号 ,0
成都曼哈顿二期,新希望路4号 ,0
成都锦江印象,青莲上街5号 ,0
成都云影苑,云影路1号（二环路西一段外侧） ,0
成都麓山国际叠溪谷,麓山大道二段6号 ,0
成都金房竹韵天府,三环路西二段56号 ,7599
成都天邑花园,二环路西一段99号 ,0
成都双楠忆景,太平东路三街80号 ,0
成都锦江明珠,锦江南府街6号(盐道街小学旁边) ,0
成都中海峰墅,羊西线蜀西路399号 ,0
成都瑞泰锦城,晋阳路269号 ,0
成都华宇阳光水岸,洪山南路99号 ,8244
成都棕北国际二期,武侯锦绣路34号 ,19988
成都西城家园,青羊罗家碾街158号 ,10897
成都双楠映象,武侯大道双楠段128号 ,8026
成都麓山国际塞尔维蒙,麓山大道二段6号 ,0
成都朗基龙堂,东坡北二路687号 ,8365
成都诚品上院,草金路19号 ,0
成都心怡德盛苑,龙灯山一段299号 ,0
成都空港十六区,机场路近都段16号 ,0
成都温哥华花园,双流长江路1号（航空港） ,10037
成都蓝山美树,麓山大道一段（麓山大道一段310号） ,15525
成都中大君悦金沙,"成都市蜀金西路,万瑞金沙旁 ",22808
成都家益欣城,慕和南道北 ,14179
成都锦绣花园西区,桐梓林东路3号 ,0
成都华润翠林华庭,成华区荆竹中路199号 ,0
成都黄忠一期,同和路39号 ,7940
成都中央花园二期,沙堰西二街20号 ,0
成都远大都市风景四期,天府大道南段325号 ,0
成都香山苑,解放路一段154号 ,0
成都清水路苑,武青路3号 ,0
成都保利御景台,正北下街168号 ,6533
成都左邻右舍,红牌楼北街13号 ,0
成都阳光100米娅中心,塔山路东2.5环迎晖路交汇处（塔子山公园对面） ,9828
成都双楠谊苑,武侯置信北街1号 ,14069
成都上林宽境,南熏大道二段139号 ,0
成都丽景天成,小天南街8号 ,0
成都金桔花园二期南苑,长庆路10号 ,8053
成都卓锦城三期,国香街333号 ,7388
成都棠湖泊林小镇,德通桥路28号 ,5229
成都东麓驿境,公园路1号（龙泉北街） ,6613
成都优地A区,佳灵路39号 ,0
成都阳光春天,高攀路16号 ,0
成都银河花园,银河路2号 ,8906
成都颐和雅居,晋阳路218号 ,0
成都锦溪,永康路5号（西三环草金立交旁） ,0
成都盛世草堂,二环路西二段10号 ,0
成都金色池塘,蜀汉路359号 ,0
成都正成财富ID,梓潼桥西街2号 ,0
成都壹号公馆,人民中路三段1号 ,11057
成都首创后海,建设路2号附18号 ,13003
成都隆鑫九熙,建材路29号（机场路东延线和规划中的玉双路东延线交汇处） ,15934
成都金房水韵天府,王贾路19号 ,7428
成都美洲花园,南三环路五段188号 ,14001
成都罗浮世家一期,高升桥路9号 ,0
成都交大卡布里城,郫县犀浦龙吟村2、3、4社 ,11127
成都名人苑二期,高新区芳草西二街30号 ,0
成都牡丹御园,芳沁街25号 ,14741
成都蓝岸丽景,华阳镇滨河路二段 ,12651
成都戛纳湾畔,华阳滨河路二段368号 ,0
成都花样年花好园,武青南路9号 ,0
成都红泰翰城,南熏大道四段8号 ,4736
成都朝阳名宅,莲桂西路168号 ,0
成都交大智能三期,星汉路33号 ,0
成都美丽南庭,火车南站东路69号 ,17927
成都华侨城纯水岸208区,华丰路260号 ,17995
成都听城,蜀源路8号 ,0
成都长城园,小南街69号 ,0
成都正成凌江尚府,旺泉街10号 ,7460
成都锦官新城,新希望路9号 ,0
成都首创·国际城,蜀都大道与东三环路交界东南侧 ,0
成都新华园,双林北横路131号 ,0
成都南阳锦城,华阳正东中街66号 ,12543
成都莲花新区,莲花北路6号 ,0
成都钢管厂五区,街15号 ,11355
成都白领尊邸,西马道街32号 ,0
成都中航国际交流中心,益州大道北段777号 ,0
成都名都苑,广福桥双楠路1号 ,0
成都锦宏宝润苑,广福路3号（巴黎阳光对面） ,9521
成都水岸华庭,五桂桥北路8号 ,9244
成都蓝谷地一期,静宁路9号（川师南大门侧） ,7423
成都锦天国际,太升南路288号 ,0
成都东润风尚,静居寺路6号 ,0
成都锦宏骏苑,龙江路18-19号 ,19186
成都红运花园馨苑,晋平街18号 ,6708
成都大城际,天府大道南段1163号 ,0
成都望江嘉苑,三官堂街16号 ,0
成都东林小区,昭觉寺南路 ,10853
成都杜鹃花园,武青南路7号 ,0
成都远大都市风景三期,天府大道南段325号 ,0
成都武青嘉苑,武兴一路10号 ,0
成都浪琴湾,瑞南街33号 ,9181
成都三九绿城,王贾路18号 ,0
成都漫城,南熏大道一段88号 ,0
成都澳深花园,玉双路7号（近武成门桥） ,0
成都芙华幸福彼岸,沙河源南街1号 ,7128
成都川大河畔,航空港长城路一段330号 ,0
成都世纪城天鹅湖(别墅),南延线天府大道中段软件园孵化园新会展 ,0
成都城南左岸花都,华阳华府大道一段6号 ,0
成都映日荷花,蓉北商贸大道168号 ,0
成都四季家园,紫荆南路21号 ,0
成都玉林品上,玉林北街1号 ,0
成都香木林加州国际,二环路北一段85号 ,0
成都时代凯悦,人民中路二段70号 ,0
成都成都花园上城,家园南街1号 ,11323
成都香月楠岸,一环路西一段88号 ,17656
成都万科双水岸,毗河东路6号 ,6195
成都天府智谷,锦绣大道南段99号 ,0
成都水印城,正北下街166号 ,14801
成都流星花园,天仙桥北街3号 ,0
成都金地花园,少陵东路1号 ,0
成都翠堤春晓,沙堰路238号 ,13113
成都利通城南晶座,天府大道南段1167号 ,0
成都巴黎阳光,广福桥北街1号 ,0
成都中华园,(锦苑)桐梓林东路5号、(绣苑)桐梓... ,17883
成都四季花城,高升桥路南一段16号 ,0
成都领馆区1号,中和大道一段99号 ,0
成都江安花园,川大路二段299号 ,0
成都九里教师苑,交大路182号 ,0
成都交大庭院,晋吉南路146号 ,0
成都新世纪环球中心,天府大道北段1700号  ,0
成都兴城融域,培中路82号 ,7098
成都千和馨城,蜀汉路520号 ,0
成都楠庭理想,红牌楼一街179号 ,0
成都华润金悦湾,清波路77号（IT大道跨线桥北·西三环外） ,0
成都香格里拉,简阳河东新区雄州大道旁 ,8832
成都皇城公寓,人民南路一段97号 ,0
成都华敏世家花园,天泰路265号（高新管委会对面） ,0
成都江山多娇,金三角周河心 ,5755
成都水岸格林,瑞南街111号 ,9356
成都弘邦领邸,青石桥南街88号 ,0
成都长寿苑,长寿路3号（近省肿瘤医院） ,0
成都育才竹岛,老成仁公路8号 ,0
成都林溪美城,阳光大道15号 ,0
成都长富花园,上南大街2号 ,0
成都碧莲雅舍,一心桥南街211号 ,0
成都中海部落阁,泰和二街371号 ,0
成都新玉林城市公寓,芳草东街82号 ,0
成都南桥视窗,锦里东路18号 ,15358
成都利通上优水岸,长江路一段2号 ,0
成都丰德国际广场,人南立交桥航空港路6号 ,0
成都城市物语,双新南路83号 ,0
成都雅典国际社区,临江东路42号 ,23068
成都置信香颐丽都,天乡路二段88号 ,8717
成都金阳水景,钟楼街73号 ,5077
成都云翔金谷,蜀西南三路111号 ,0
成都碧云天,碧云路1号 ,0
成都潮蓉花园,同善桥南街6号 ,12270
成都都市水岸,杨柳东路中段268号 ,0
成都新世界丽晶花园,青羊实业街59号 ,19977
成都和贵馨城,双新路8号 ,14256
成都紫东芯座,双庆路16号 ,9024
成都原筑,天河路9号 ,10983
成都东恒国际,一环路东五段108号 ,10979
成都碧园公寓,交通巷38号 ,0
成都棕榈花园,科华北路153号 ,0
成都置信柳城谊苑,两河路东段18号 ,0
成都学府美地,南熏大道四段188号 ,5099
成都向阳茗苑,凤溪大道中段198号 ,0
成都森桦苑,少陵路18号 ,0
成都齐盛艺境,天府大道1号 ,15200
成都富临美丽天城,佳灵路75号 ,0
成都太禾水晶城,机场路土桥段118号 ,0
成都倍特金杏苑,芳草西一街17号 ,0
成都摩玛城,二环路东五段9号 ,19843
成都东篱居,建兴路15号 ,0
成都和贵时代巢,神仙树南路9号 ,0
成都卓锦城四期,枫香街253号 ,7564
成都蔚蓝花城,龙工南路888号 ,5639
成都时代天骄,太升北路64号 ,14149
成都七彩花都二期,花都大道西段588号 ,5822
成都芙蓉古城大宅门紫云园,开金路888号 ,8811
成都花样年华四期,永盛南街6号 ,0
成都罗浮世家,武侯高升桥路9号 ,16176
成都交大花园北苑,金雁路181号 ,10805
成都锦宏嘉华苑,双楠路2号（名都苑对面） ,0
成都置信逸都天乐苑,云影路2号 ,10265
成都御城,育英路181号 ,4258
成都萧邦,岳府街55号 ,0
成都西区花园,兴业南街199号 ,9406
成都香木林花园里,成康路1号（龙潭立交附近） ,8429
成都清溪玫瑰园,开金路999号 ,8872
成都莱茵河畔,致民东路18号 ,0
成都金沙岁月,锦屏南路18号 ,0
成都北湖龙郡,龙潭寺西路107号 ,0
成都汉唐新城,南熏路319号 ,2516
成都尚林家园,恒山北街99号 ,9931
成都天府江南,天海路118号 ,4964
成都合能四季映像,龙泉驿区青台山路333号 ,0
成都西蜀尚都,长安路244号 ,0
成都翰香府,学院路东段300号 ,4727
成都明星花苑,同安路2号（华大医院附近） ,0
成都金色夏威夷,西大街84号 ,8332
成都东升国瑞,荷塘北街189号 ,5423
成都城市绿洲花园,长庆路1号 ,0
成都天彩菁华,九里堤中路301号 ,0
成都欣园,抚琴西路318号 ,0
成都星悦领地,草金东路11号 ,0
成都双楠谊苑二期,武侯置信北街8号 ,15781
成都蓝色港湾,天祥街59号 ,0
成都光华揽胜,琼楼路283号 ,8748
成都星语双城2期,武青北路8号 ,0
成都麓山国际翠云岭,南延线麓山大道二段6号 ,0
成都麓山国际水晶岗,麓山大道二段6号 ,31263
成都三利宅院白云渡,元华路 ,16394
成都盛世年华,东珠市街66号 ,0
成都青房云上,锦华路5号 ,18656
成都锦秀民居,锦屏路97号 ,0
成都花样年华,七道堰街36号 ,9243
成都泰基南棠,红牌楼佳灵路6号 ,0
成都好望角商业文化广场,一环路南一段2号 ,10487
成都富港花园,置信北街2号 ,0
成都香洲半岛,翠微路38号 ,4876
成都时代100,致民东路79号 ,17009
成都皇后国际公寓,锦江大塘坎街66号 ,0
成都瑞丰花园,藏卫路南二段528号 ,5389
成都国栋南园五星城,广都大道中心广场旁边 ,9703
成都上城生活馆,东顺路191号 ,0
成都和谐家园,蜀西路4号 ,13770
成都曼哈顿自然派,武侯新希望路4号 ,14180
成都凯莱国际寓所,致民路34号 ,0
成都交大智能二期,交桂路89号 ,15400
成都金河谷,凤凰北大街18号 ,13645
成都华尔兹广场,航空路9号 ,14029
成都东方广场,东大街芷泉街口(一环内) ,19709
成都天府花园,武侯区蓝天路38号 ,17045
成都龙湖铜雀台,二环路东二段3号（厂北路口） ,22077
成都绿杨新邨,蜀汉路490号 ,0
成都丽阳天下,万和路99号 ,9392
成都贵通御苑枫景,白河路四段169号 ,6353
成都桂香居,静康路399号 ,0
成都紫藤花园,紫藤路3号（近大石西路） ,0
成都国信滨河雅居,二环路东五段国信路1号 ,23110
成都城南驿站,科华南路10号 ,0
成都卓锦城一期,成龙大道一段9号 ,7892
成都青羊东二路小区,青羊青羊东二路52号 ,14078
成都名士公馆,长寿路10号 ,0
成都莲花新一区,莲花中路1号 ,0
成都黄忠二期惠民苑,同和路99号 ,0
成都五洲花园,天顺路288号 ,0
成都太阳门,二环路北二段269号 ,0
成都齐力碧水湾,琼楼路516号 ,9293
成都华明居春风翠柳,四威南路1号 ,0
成都宏恩康城,华逸路118号 ,0
成都荷里活,南熏巷23号 ,27938
成都府河蓝湾,府河下街 ,0
成都峨眉天颐,峨眉山温泉度假区 ,0
成都大邦第一城,青江中路288号 ,7445
成都长电厂家属院,长安路122号 ,0
成都北湖卡夫诺,东三环二段宝耳国际大道旁(工商银行背面) ,0
成都中苑巷2号,成都武侯区航空路中苑巷2号 ,10976
成都棕南西街5号院,棕南西街5号 ,8576
成都筒车巷29号院,筒车巷29号 ,8653
成都上锦美地,红星路35号 ,0
成都双楠华苑,双楠路291号 ,0
成都懋园国际商住楼,金沙路88号 ,0
成都锦绣花园东区,人民南路四段46号 ,0
成都国一澳乡,阳光城忠诚路9号 ,0
成都府河星城,沙西线258号 ,5082
成都金沙园二期,青羊大道209号 ,0
成都东方明珠,双建路8号 ,0
成都大观城市花园,三环外成都东站大观立交旁悦来街38号 ,10951
成都宗申流溪丽院,双流长江路一段8号 ,0
成都欧美苑,九里堤中路223号 ,0
成都西城首峻,金立路9号 ,0
成都西西里,金牛育仁路128号 ,16945
成都城市绿舟,长庆路1号 ,0
成都伊萨贝拉,郫县泰山北街421号 ,0
成都冠城花园三期,小南街123号 ,10606
成都成都花园别墅,青羊大道8号 ,20242
成都春秋名邸,建材路460号 ,9013
成都保利郁金香谷,新都蜀龙大道1980号 ,14164
成都燕莎庭院,金泽路28号 ,0
成都兴元花园,金牛金鱼街7号 ,13955
成都添馨苑,红牌楼北街18号 ,0
成都清江之春,金辉路51号 ,0
成都恒和华园,长庆西一路2号 ,0
成都第一园,蓉北商贸大道278号 ,6892
成都东润理想居,净居寺南街203号 ,0
成都清华逸景,石家碾中路139号 ,0
成都青城壹号南屿,滨河路(青城大道与江安河交汇处) ,7514
成都朋城·远界,彭州行政中心北侧 ,0
成都和信水沐天城,兴乐南路1号 ,4921
成都中铁瑞景茗城,郫县杜鹃路468号(新城行政中心旁) ,9018
成都万科五龙山,三河街道龙秀路89号五龙山公园内 ,11955
成都富诗特,双星大道(武青路)与光华大道交界处 ,14097
成都幸福公社,大邑县青霞镇 ,5544
成都香木林新城,瑞联路171号 ,8694
成都万和苑,八宝街1号（八宝街与万和路交界处） ,0
成都世纪金沙二期,蜀辉路230号 ,9587
成都怡景园,石人东路4号 ,8826
成都富豪时代,迎春路三段158号 ,6317
成都东珠美地,东马道街19号 ,0
成都碧水馨居,柳城新南路218号 ,0
成都香颂岛,花香街222号 ,0
成都天鹅星座,同友路99号 ,0
成都复地雍湖湾,德赛二街88号（益州大道路口） ,24741
成都芙蓉古城,芙蓉路333号 ,7568
成都大陆紫云金沙,清江西路288号 ,0
成都新界二期,太平园横二街65号 ,0
成都神仙树大院三期,紫荆西路6号 ,11973
成都柳城阳光,德通桥路233号 ,0
成都麓山国际社区茵特拉肯,麓山大道二段6号 ,8397
成都阳光华庭,双华大道33号 ,9977
成都东骏湖景湾,马超东路555号（川音旁） ,6710
成都绿野天城,静居寺路22号 ,0
成都芙蓉古城大宅门紫宵园,开金路669号 ,8420
成都金象花园,晨辉东路2号 ,0
成都聚贤半岛,金牛九里堤北路8号 ,0
成都天盛壹中心,北大街88号 ,0
成都欧波罗,九里堤中路219号 ,0
成都麓山国际香怡林,麓山大道二段6号 ,24927
成都书香门第,西体北路2号(五丁桥附近) ,0
成都中华名园,武侯大道三环路内 ,18496
成都伊顿社区,胜利村106号 ,0
成都神仙树大院二期,紫荆西路2号 ,13114
成都SOLO,东风路北一巷11号 ,0
成都鹭湖宫,万春镇江安河畔 ,8179
成都紫竹苑,紫荆东路96号 ,0
成都楠贵坊,武侯区长益路92号 ,0
成都香槟广场,东大街97号 ,0
成都双城,花牌坊街8号 ,0
成都石人巷,石人巷 ,0
成都枣子巷15号院,青羊枣子巷15号 ,15672
成都棕南树荫公寓,棕南正街6号 ,15778
成都肿瘤医院宿舍,长寿路１号 ,12972
成都紫荆春天,元华一巷6号 ,0
成都足球假日公寓,阳光城锦宏大道1号 ,0
成都驿村苑小区,新驿村60号 ,4714
成都怡福巷80号,二环路东一段刃具立交桥旁 ,0
成都银杏春天,东大街324号附1号 ,0
成都武成大街113号院,武成大街113号 ,0
成都兰卡威,二环外侧走马河畔（安达路） ,4089
成都中铁堰澜山,三道堰一堰路 ,4398
成都如意人家,二环路南三段38号 ,17272
成都普罗旺斯,蜀跃路6号（茶店子客运站附近） ,9367
成都祥和里小区,祥和里229号 ,0
成都香榭名苑,同善桥南街9号 ,0
成都三利宅院二期,中和大道一段98号 ,0
成都千禧花园,九里堤西路3号 ,0
成都交大智能一期,群星路7号（临西安路） ,0
成都锦西国际,圃园北路1号 ,0
成都锦卉苑,锦翠南路2号 ,0
成都布鲁汀,武科东路16号 ,0
成都金沙路小区,金沙路13-129号 ,11173
成都华都星公馆二期,武清南路6号 ,0
成都花样年华常青藤,洪玉路245号 ,0
成都新阳光健康家园,苏坡东路7号 ,0
成都天府长城丽日清风,天长路6号（天长路与天久北巷交汇处） ,10068
成都绿地圣路易名邸,武侯大道铁佛段金履三路288号 ,0
成都景顺山水间,玉堂镇三台村 ,5281
成都东方威尼斯,郫县三道堰一堰路水景街 ,3603
成都人居都市阳光,航空路西段68号 ,5531
成都上东一号,成华区东昌路55号 ,13096
成都艺锦湾,北泉路1068号（世纪广场背后） ,7783
成都新都国际广场,育英路333号 ,4643
成都中粮香榭丽都,丽都路1号附333号 ,17823
成都寿安·银城,寿安 ,0
成都万邦文景名苑,花源镇花源大道中段 ,0
成都沙湾东一路8号,沙湾东一路8号附1号 ,0
成都恺信时代天城,天府大道南段1399号 ,0
成都上林西江国际社区,崇州市滨河路北二段1号 ,5532
成都润扬金沙雅苑,黄苑街7号 ,0
成都七彩花都,锦泉街55号 ,9793
成都风华苑,新光路7号 ,15682
成都九峰国际,佳灵路20号 ,0
成都春天花园,百卉路12号 ,0
成都阳光金沙,同怡路15号 ,0
成都榕苑,武科东四路1号 ,0
成都融城后街社区,紫瑞大道218号 ,9227
成都兰桥尚舍,天府大道南段651号 ,18012
成都锦江城市花园三期,喜树街668号 ,6757
成都长信公寓,芳华街24号 ,12452
成都正成沙河明珠,双庆路163号 ,9230
成都东湖国际,琉璃路299号 ,0
成都三和花园,同和路9号（一品天下附近） ,0
成都幸福时光(金牛),星汉路3号 ,8713
成都翰林南城,长江路二段5号 ,11572
成都交大靓典,同善桥横街2号 ,13346
成都花溪谷,人和路3号 ,0
成都状元府邸公寓,新都新都清源路66号 ,0
成都幸福枫景,蜀明东路3号 ,0
成都西财骏苑,二环路西二段45号 ,0
成都外化成小区,二环路西三段80号 ,0
成都盛锦华庭,小天东街3号 ,0
成都快乐空间,双锦路51号 ,0
成都江郊庭苑,光华大道瑞新路东坡北二路46号 ,20478
成都佳美花园,星汉路7号（星河路与星汉路交汇处） ,0
成都华都星公馆,武青南路10号（与武青东二路交口） ,0
成都德坤竹韵坊,万春路382号 ,0
成都南辰景秀,科华南路3号 ,0
成都凯悦新城,一环路南一段9号 ,0
成都锦江帆影,中和镇化龙村15社 ,0
成都锦汇花园,蜀通路98号 ,0
成都德意馨苑,蜀汉路532号 ,0
成都文苑路社区,文苑路 ,8312
成都菊乐路小区,菊乐路（检察院旁） ,8648
成都星辰苑,一环路北三段92号 ,0
成都交大路小区,交大路 ,0
成都人民南路三段24号院,人民南路三段24号 ,0
成都瑞临锦苑,龙泉北路238号 ,4361
成都绿杨涧,杨柳西路北段138号 ,0
成都阳光印象,幸福路39号 ,0
成都天府长城,天顺路222号 ,0
成都府青路二段18号,府青路二段18号沙河新城旁 ,0
成都时代丽都美语,丽都路16号 ,9057
成都胜地金芙蓉,开金路188号 ,7181
成都青城阳光,大三路79号 ,0
成都盘谷花园,人民南路四段21号 ,0
成都交大花园武侯小区,晋吉南路22号 ,0
成都锦官城,武侯祠大街180号附30号 ,0
成都蜀源国都,望丛西路75号 ,3722
成都柳岸银洲,天府街办龙堰村一组（杨柳河东路南段与南江路交界处） ,0
成都卡碧蓝湾,安丰路丰收巷288号 ,6112
成都金府国际,金府路777号 ,8633
成都优博国际,武侯大道铁佛段1号 ,0
成都华侨凤凰国际城,望丛西路299号 ,7698
成都中信未来城,南区文信路199号、北区文信路200号 ,7585
成都美山居,一环国堰宾馆对面灵岩山旁 ,5514
成都东光小区,锦华路一段275号 ,0
成都北回归线,西林路69号 ,13834
成都西江月,金粮路599号 ,13359
成都溢阳绿城,置信西路57号 ,0
成都西岸蒂景,西大街88号 ,0
成都天地芳苑,金牛区星辰路58号 ,0
成都人和逸景,营门口路188号 ,0
成都新鸿二区,新鸿南路86号 ,0
成都西沙美景,二环路北一段68号 ,0
成都上海东韵,静居寺路64号（龙舟路小学对面） ,0
成都明苑公寓,金沙路16号 ,13173
成都金沙西园三期,金阳路112号 ,0
成都上行东方,文德路50号 ,0
成都名人国际公寓,曹家巷57号 ,0
成都明康华庭阳光,德阳市经济技术开发区广场南侧 ,0
成都龙博御景,西河大道330号 ,0
成都朗御,大慈寺1号（东大街与府河交汇处） ,0
成都龙华阳光,大华街10号 ,15438
成都爵领欧城,蜀龙大道三河场口（保利公园198旁） ,5381
成都协慧国际新城南地标,站华路旁 ,0
成都金象嘉苑,晨辉北路8号 ,0
成都富临清江雅居,清江东路122号 ,10086
成都东方虹,锦绣路176号 ,0
成都正成名城左岸,郫县红佳东路6号 ,8099
成都鸿生花园,同德街9号（成都市青少年宫对面） ,0
成都金林大城小室,清江中路10号 ,0
成都春江·青龙湾,春江路（成都电力学院旁） ,0
成都边城水恋,滨江路北段128号 ,0
成都香域中央,北部新城蜀龙大道中段333号 ,4379
成都星辉中路6号院,星辉中路6号 ,9040
成都杰座,长益路5号（丽都路旁） ,0
成都锦隆时代,万和路100号 ,9006
成都经典嘉苑,神仙树北路9号 ,0
成都金强柳浪湾,柳南一路93号 ,3839
成都锦城花园,蜀汉路269号 ,0
成都华美居,二环路西一段置信路 ,17587
成都回龙湾,熊猫基地旁蜀龙路口（三环路外3000米） ,4780
成都抚琴西路238号院,抚琴西路238号 ,7665
成都上东家园,经天东路129号 ,0
成都锦宏丽景花园,文翁路5号（彩虹小学附近） ,8659
成都交大智能四期,星河路89号 ,15564
成都锦都馨苑,文德路44号（新88号） ,8620
成都金冠华庭,新园路181号 ,4816
成都锦上花,大川巷8号 ,0
成都宏信南樾,人南沿线与麓山大道交汇处 ,13182
成都弘民美食城,双流双流县新车站对面 ,0
成都磨底河沿街7号院,磨底河沿街7号 ,8379
成都正成翡翠琉璃,经天西路17号 ,6864
成都神仙树馨苑,新乐中街277号 ,0
成都双楠名城二期,永盛东街3号 ,0
成都科甲大厦,正科甲巷48号 ,0
成都欧城,桐梓林南路7号 ,0
成都嘉逸花园,双锦路9号（西南财经大学北门对面） ,0
成都花样年美年广场,高新区高新区天府大道中段1388号 ,0
成都浣花南路218号,浣花南路218号 ,12188
成都铂金城,青羊青龙街27号 ,0
成都千和银杏,蜀明东路6号 ,0
成都懋园西沿风景,育德路8号 ,0
成都金都苑,赛云台西一路47号 ,0
成都金域香洲,柳城大道东段46号 ,5003
成都正成艺墅洋房,导航路910号 ,6526
成都天祥街社区,成华望平街118号 ,12251
成都香榭里,交大路188号 ,0
成都文家巷16号,文家巷16号西门车站附近 ,0
成都维也纳花园,马超东路2号 ,4546
成都天府香城,蜀龙大道中段1030号 ,4731
成都生态苑,航天路169号 ,0
成都石人东路社区,石人东路 ,0
成都棕苑巷,科华北路，好又多，川大西门对面 ,0
成都桃园柳岸,望丛西路261号 ,4570
成都紫光兴城,温泉大道155号 ,0
成都翡翠城,华润路1号（东湖国际旁边） ,12601
成都观澜东山,燃灯寺南路538号 ,5375
成都棕南苑,科华北路151号 ,0
成都誉峰,南沿线228号 ,28469
成都芳草苑,玉林西路143号 ,0
成都万科西岭别墅,迎宾大道金卉路133号 ,0
成都泰逸家园,沙堰西一街25号 ,0
成都万通金牛新都会,金府路88号 ,0
成都上东花园,经天路32号 ,0
成都朝发苑,双桥路274号 ,0
成都齐力光华岁月,东坡西一路101号 ,17806
成都汉嘉国际社区,马超东路518号 ,5830
成都欣宇都市港湾,华阳镇协和上街229号 ,13932
成都东方新城,锦江海椒市街4号 ,15900
成都世茂花香首府,成龙大道二段公园大道（新建路） ,0
成都倍特科技苑,芳草西一街2号 ,12558
成都蜀馨苑A区,少陵路281号 ,8259
成都布坝子小区,猛追湾布坝子小区 ,0
成都百草园,双清南路3号 ,0
成都景尚景,郫县景尚景街28号 ,5219
成都西景花园,蜀兴东街6号 ,0
成都馨宁居二期,蜀兴东街93号 ,0
成都万家华庭,新南路306号 ,0
成都水云花都,藏卫路北二段 ,8767
成都锦花苑,锦翠南路1号 ,0
成都星河名都,滨江东路168号 ,0
成都万年茗居,万年路30号 ,0
成都廊桥乐章,老马路18号 ,0
成都东晖花园,桃蹊路108号 ,13194
成都金竹苑,元通一巷 ,12078
成都金沙芙蓉苑,金鹏街50号 ,0
成都文星花园,川大路三段266号 ,0
成都恒大金碧天下,成都牧马后山 ,7673
成都沙河丽景,跳蹬河南路7号 ,16613
成都战旗东路6号院,战旗东路6号 ,7662
成都芙蓉名城,新都清源路66号 ,8263
成都西府少城,小南街109号 ,0
成都天韵金沙,金阳路30号 ,0
成都金沙园三期,金凤路9号（青羊区金沙菜市场旁） ,0
成都天涯庭苑,天涯石北街20号 ,0
成都风尚宜居,芳沁街36号 ,0
成都大地新光华,光华村街50号 ,0
成都锦江新园,致民路36号 ,0
成都好莱坞广场,二环路南三段18号 ,6780
成都江南房子,柳城大道西段238号 ,0
成都西郡兰庭,犀埔镇校园路129号 ,0
成都玉园清水湾,瑞联路189号 ,12499
成都沙河北岸,双荆路8号 ,10692
成都宗申流溪别院,白河路二段99号 ,5765
成都万科加州湾,二环路北一段10号 ,0
成都芙华新大陆,洞子口路819号 ,0
成都时代尊邸,东大街芷泉段88号 ,15064
成都麓山国际,双流县成都市人民南路南延线麓山大道二段六号 ,22557
成都正黄上岭,丝竹路89号 ,0
成都颐和京都,培风路276号 ,6934
成都蓝光紫檀山,春江南路1688号 ,6356
成都原乡别墅,华阳迎宾大道 ,0
成都万科金色海蓉,高攀路26号 ,28242
成都西锦国际,花牌坊北街88号（花牌坊街与一环路交汇处） ,0
成都金林俊景,武阳大道338号 ,0
成都月光琉域,二环路西一段8号 ,0
成都芳草地,桐梓林中路1号 ,0
成都生活立方,贝森南路8号 ,0
成都金色鱼凫,柳林路158号 ,0
成都维也纳森林别墅,牧马山四川国际高尔夫俱乐部旁 ,0
成都东立光华杏林,同辉南路256号 ,6583
成都塞纳河畔,光华大道1969号 ,4957
成都海珀香庭,红牌楼路1号 ,0
成都中环西岸观邸,金牛区金瑞路118号 ,0
成都紫东佳苑,藏卫北路一段67号 ,5375
成都翡翠城一期,华润路1号 ,29576
成都双楠融域,栖霞路1号（外双楠农贸市场对面） ,0
成都康品,抚琴西路89号 ,9957
成都纳米爱邸,少陵横街5号 ,0
成都金巴黎,幸福大道二段5号 ,0
成都中航云岭高尔夫别墅,云岭路（牧马山四川国际高尔夫球场附近） ,10442
成都双楠回归线,武侯大道双楠段36号 ,0
成都牧马山易城,牧山路二段12号 ,11034
成都中海金沙府,蜀辉路318号（黄苑街与蜀辉路交汇处） ,0
成都远大都市风景一期,天府大道南段325号 ,0
成都沙河新城,府青路二段18号新1号 ,15729
成都金地贝福里花园,桐梓林中路6号 ,0
成都红树湾,中和大道69号（三利宅院对面） ,0
成都万科金色家园,前锋路1号 ,16942
成都檀香山,二环路南四段19号 ,10894
成都水木光华,青羊大道16号 ,0
成都南阳盛世,广都上街138号 ,13684
成都麓山国际圆石滩,麓山大道二段6号 ,0
成都瑞升花园,芳草街36号 ,14364
成都曼哈顿一期,人民南路四段49号 ,0
成都汇景樱桃季,双安南巷1号 ,0
成都华置西锦城,迎宾大道165号 ,19846
成都万科金域西岭,金牛金耀璐158号 ,0
成都比华利国际城,佳宏路220号 ,19847
成都中海翠屏湾,泰和二街333号 ,0
成都中铁奥维尔,郫筒镇西梨路 ,10832
成都中国银行宿舍,大南街 ,0
成都中平苑,郫县三道堰中平村 ,0
成都中学路小区,中学路15号 ,0
成都棕苑巷11号院,武侯区棕苑巷11号 ,8204
成都棕南正街2号,棕南正街2号 ,0
成都棕树商住楼,二环路南一段5号 ,0
成都中森光华1号,光华大道南侧仁和路758号（花博会址斜对面） ,11110
成都中沙河铺36号院,中沙河铺36号 ,7551
成都竹林公寓,郭家桥北街5号 ,0
成都中铁汉嘉御景,蜀州南路180号 ,0
成都专家别墅,斑竹园镇 ,0
成都正好花园,东珠市街18号 ,10245
成都智业商寓,沙湾东一路7号 ,0
成都针织厂宿舍,新鸿路414号 ,0
成都中电大厦,学道街81号 ,0
成都紫阳花园,富阳一街43号 ,0
成都棕庭苑,柳城大道西段111号 ,0
成都凯瑞花都,营康路63号 ,0
成都芳草街小区,芳草街4号新2号-47号 ,0
成都远大都市风景二期,天府大道南段325号 ,0
成都太平盛世,佳灵路128号 ,0
成都天府原里,海科路东段688号 ,4142
成都蜀风花园城,金沙遗址路8号 ,20747
成都丽景华庭一期,龙腾中路3号 ,9436
成都资溪花园,资阳市雁江区骏兴路 ,0
成都资阳南苑公寓,资阳市雁江区南苑街 ,0
成都资阳恒信花园,资阳市新城路 ,0
成都资阳阳光水岸,资阳市滨江大道 ,0
成都正合梦想和居,宜宾高峰路 ,0
成都紫荆西苑,泸州钓鱼台路 ,0
成都中医院家属区,南大街293号 ,4413
成都紫东人家,藏卫路与紫东街交界处 ,5566
成都紫云轩,龙泉永双街8号 ,6201
成都棕树北路11号,棕树北路11号 ,0
成都中铁五局宿舍,群星路1号 ,0
成都中天商厦,金仙桥路1号 ,0
成都中亚大厦,高升桥22号 ,0
成都紫光苑,紫东正街54号 ,0
成都棕南俊园,科华北路64号 ,6722
成都作协宿舍,大慈寺30号 ,0
成都中央花园六期,晋吉北路132号 ,6088
成都中铁新城,沙湾路一环旁易初莲花 ,0
成都中测院宿舍,内一环玉双路新华公园附近 ,0
成都中医附院教师宿舍,市中心中医附院附件百寿路 ,0
成都紫东苑,东大街紫东楼段156号 ,0
成都棕港公寓,二环路南二段29号 ,9714
成都战旗乡村别墅,唐昌镇战旗村 ,1981
成都竹园小区,武侯区红牌楼佳灵路35号 ,8290
成都中行家属院,南浦路31号 ,6016
成都正大家园,华阳大道二段178号 ,0
成都正成醉双楠,红牌楼街道办事处双楠村十组 ,0
成都正成星光大道,双星大道北段21号 ,5360
成都智业世纪加州,沙湾东二路1号 ,0
成都战旗小区,双清南路3号 ,0
成都展瑞君悦华庭,大邑大道266号 ,0
成都指南针大厦,双林路1号 ,0
成都珠江逸景天生墅,青城山 ,7977
成都众合天成,新都区天回镇 ,0
成都紫金花园,西林四街35号 ,0
成都竹韵新馆,宝光大道南段111号 ,4263
成都总部聚落,金牛蜀汉大道（西延线）与金科路交汇处 ,0
成都左岸半岛,眉山三苏路65号（东坡区委旁） ,0
成都左岸尚舍,人南延线 ,0
成都棕北国际佳园,锦绣路33号 ,0
成都昭艺绿韵全景,一环路西三段营门口路4号 ,12437
成都紫薇快乐港,玉双大道 ,0
成都紫薇银座,正科甲巷17号 ,0
成都钻石景翔苑,犀浦路70号 ,0
成都芝华室,染靛街41--59号（老南门大桥旁） ,0
成都置信逸都花园,二环路西一段 ,0
成都怡和名苑,城西怡和名苑 ,0
成都永和苑,二江路二段121号 ,4557
成都雁南小区,资阳市雁江区雁南街 ,0
成都怡和小区,九里堤中路52号 ,0
成都印月大家,成都市草金路永康森林公园内 ,4255
成都雅翠阁,创业南街10号 ,5165
成都云龙公寓,云龙路111号 ,0
成都阳晨大厦,洗面桥横街6号 ,0
成都云天化宿舍,大石西一街32号 ,6823
成都怡合苑二期,建材路128号 ,5194
成都雅兰苑,棕南西街4号 ,0
成都印象田园,郫县友爱镇释迦桥 ,0
成都育苗路12号院,育苗路12号 ,8214
成都悦谷青城,青城山沙坪村一组 ,0
成都雅兴苑,黄金东二路99号 ,0
成都映月花园,金江路32号 ,0
成都油建新区,华阳大道二段135号 ,0
成都园丁苑,红玲路43号 ,4882
成都御廷上郡,中和大道三段189号 ,0
成都银丰园,银丰园街1号 ,0
成都一环路西二段社区,一环路西二段 ,0
成都银桂园,朝阳路343号 ,6065
成都云凌花乡,郫县新民镇 ,3686
成都元通二巷6号院,元通二巷6号 ,7543
成都永丰路1号院,永丰路1号（雅乐大酒店旁） ,8511
成都远大林语城,双楠大道中段（时代奥特莱斯旁） ,13859
成都英伦金沙,清水滨河路99号（苏坡立交旁） ,0
成都银沙路134号院,银沙路134号 ,8481
成都怡瑞苑,华阳大道四段195号 ,0
成都玉寿巷5号院,玉洁西街玉寿巷5号 ,9082
成都营通街181号院,营通街181号 ,7981
成都悦水蓝山,温江区蓉台大道 ,0
成都怡合苑一期,永兴街2号（龙泉） ,4412
成都营通巷2号院,营通巷2号（营通巷与金琴路交汇处） ,8179
成都悠然雅舍,同善桥横街9号附4 ,0
成都营门商厦,二环路北一段241号 ,0
成都银沙正街41号院,银沙正街41号 ,9274
成都银沙正街小区,银沙正街2-68号 ,12494
成都永丰路3号院,永丰路3号（永丰立交附近） ,8806
成都御园公寓,青羊  八宝街 ,0
成都雅仕苑,龙王庙正街8号 ,0
成都云祥公寓,长天路２号 ,0
成都银河北街2号院,银河北街2号 ,0
成都银沙正街39号院,银沙正街39号 ,9217
成都玉林九巷4号院,城南玉林一二环之间 ,9081
成都裕鑫苑,磨子巷10号 ,0
成都阳光心筑,蜀汉路2号（蜀汉路与二环路交汇处） ,0
成都阳光宿舍,靠近火车南站 ,0
成都营通街8号院,抚琴营通街8号 ,8889
成都银沙正街13号,银沙正街13号 ,0
成都一环路南三段11号院,一环路南三段11号 ,8746
成都邮电教师宿舍,静康路534号 ,7506
成都怡风花园,南延线天府大道 ,0
成都阳光新城,阳光路63号 ,2459
成都玉林玉通巷8号院,玉通巷8号 ,0
成都一环路南三段55号院,一环路南三段55号 ,0
成都营通街9号院,抚琴西路营通街9号 ,8931
成都烟草大厦,一环外侧清江花园旁 ,0
成都一环路西三段23号院,一环路西三段23号 ,8890
成都玉通巷4号社区,玉林玉通巷 ,0
成都永康森林别墅,三环路外永康公园附近 ,0
成都堰上芙蓉印象,三道堰镇水乡街 ,7215
成都映泉美居,华逸路49号 ,0
成都玉居安6号院,玉居安6号 ,0
成都营通街57号院,营通街57号 ,8434
成都玉寿苑,玉寿巷1号（玉洁西街与玉寿苑交界处） ,0
成都玉苑公寓,玉洁巷2号 ,10143
成都育才路27号,茶店子育才路27号 ,0
成都永丰路11号小区,永丰路11号 ,0
成都营和街62号院,营和街62号 ,7462
成都怡家,鹃兴路222号 ,4223
成都营通街2号院,营通街2号（抚琴西路附近） ,7916
成都营兴街小区,营兴街2号 ,0
成都银沙横街15号,银沙横街15号 ,0
成都营通街67号,营通街67号 ,0
成都育婴堂街28号院,育婴堂街28号 ,8838
成都玉林正街5号院,玉林正街5号 ,8684
成都玉泉南苑,玉泉街27号 ,0
成都玉林八巷社区,玉林八巷2号 ,9393
成都育苗路11号,茶店子育苗路20中旁边 ,0
成都育婴堂街26号院,育婴堂街26号 ,10141
成都银丝街社区,银丝街5号（文殊院附近） ,8646
成都永陵路29号院,永陵路29号 ,9263
成都盐业局宿舍,十五中街3号 ,0
成都愿景春之雪,杨祠街67号 ,3616
成都育苗路10号院,育苗路10号 ,0
成都玉林六巷6号院,玉林六巷6号 ,8890
成都油篓街35号院,油篓街35号 ,0
成都祥郡,德通桥路269号 ,0
成都园丁花园,东三环四段大观立交桥外侧桃花源别墅区内 ,6853
成都银杏苑,建设路43号 ,0
成都沿海丽水印象,二环与翔凤路交汇处 ,4841
成都云星锦城,双桥路199号 ,0
成都玉树新村,南河南岸（原面粉厂） ,1984
成都一品江山,龙门中路40号 ,0
成都友谊花园,南熏大道二段582号 ,0
成都邮电学校教师宿舍,静康路534号 ,12317
成都永兴苑,净居寺南街135号 ,8315
成都愿景水涟漪,滨河路西江河畔 ,3689
成都邑都望府,潘家街三段（新城医院附近） ,0
成都邑都上城,晋原镇大邑大道 ,5035
成都犀浦乐苑,乐园后街63号 ,5807
成都新城风情,五洞桥北路一段189 ,5514
成都新蓉小区,成都市一环路南四段附近 ,0
成都溪畔林居,中国沙西线唐元镇 ,4769
成都鑫华苑,黄金路228号 ,0
成都新光华园,新光路68号 ,0
成都新三鑫苑,臧卫路北四段15号 ,3918
成都新康公寓,新能巷2号 ,0
成都鑫福佳苑,双流县中和街道公济桥路137号 ,6489
成都鹰冠庄园,忠诚路180号（龙泉体育城旁） ,8836
成都园首山庄一期,苏坡桥苏坡中路48号 ,0
成都阳光雅舍,玉龙二街 ,6500
成都逸翠园,新城区光华大道毗邻花博会场馆 ,48570
成都阳光商务公寓,营门口39号 ,0
成都阳城云尚,浆洗街10号 ,9510
成都银都领地,绵阳市科创园科技路人工湖畔 ,0
成都玉林新天地,玉林小区芳草街6号（王府花园大门侧） ,0
成都向阳二期,华新中街 ,0
成都西村人家,皇城堰街9号 ,5578
成都新民公寓,成都市双流县枇杷巷56号 ,0
成都兴元华府,双星大道培丰村6组 ,0
成都兴城清风晓筑,迎晖路147号（温江人民商场旁） ,0
成都祥和佳苑,郫县望丛东路581号 ,4264
成都欣雨苑,华阳富民路二段 ,4834
成都兴禅寺街12号院,兴禅寺街12号 ,8151
成都祥和苑(九里堤),九里堤南路8号 ,8461
成都西江苑,成都市西大街454 ,3840
成都西街上,庆丰街85号 ,0
成都西林豫府,致顺路500号 ,0
成都行政学院宿舍,光华村街 ,7270
成都西安中路60号院,西安中路60号 ,0
成都阳光世界,阳光城幸福大道 ,0
成都钰诚花园,大道中段 ,0
成都怡家新城,蒲阳河畔 ,0
成都玉垒竹韵山,富民北路中段(玉华酒店向前100米左右) ,0
成都怡晴苑,建设路永康巷56号附7号 ,0
成都银海花园,联盟南路82号 ,3894
成都怡景花园,文明西街（狮子岩附近） ,9098
成都阳光河畔,苏坡中路48号 ,10512
成都御景江山,蜀都大道东端水碾河路14号 ,0
成都银杏花苑,蜀明路6号 ,0
成都西城家苑,铭章路39号 ,0
成都向阳·百竹园,泸州市江阳西路 ,0
成都西雅图·金山城,内江市东兴大道 ,0
成都肖家河检疫局宿舍,肖家河沿街43号 ,9092
成都西御饭店,青羊西御街8号天府广场西侧 ,0
成都西雅图,西安南路69号 ,7730
成都小税巷社区,黉门街社区背后 ,0
成都星川福苑,沙湾东一路8号 ,0
成都西油苑,平福路151号 ,0
成都新气象小区,人民南路三段6号 ,0
成都信都大厦,武侯成都市武侯区一环路南三段80号 ,0
成都杏林苑,郫县新南街342号 ,4046
成都兴蓉西巷社区,一环路南四段兴蓉西巷一号院 ,0
成都鑫苑锦城花园,温江文化路128号 ,0
成都西锦花园,花牌坊街 ,0
成都信都花园,高升桥东路13号 ,0
成都西蜀子云花都,友爱镇子云西路54号 ,3400
成都西苑公寓,草堂北路13号 ,12845
成都西岭路1号院,二环路西二段西岭路1号（车管所旁边） ,8717
成都新村河边街12号院,万福桥新村河边街12号 ,9266
成都新鸿达电梯公寓,二环路西1段1号 ,0
成都新彩苑,人民南路4段桐梓林南路 ,0
成都鑫城公寓,成都市西大街 ,0
成都欣苑二期,摸底河横街1号 ,0
成都小通巷8号院,小通巷8号 ,9280
成都肖家河南三巷小区,肖家河南三巷 ,0
成都翔福苑,人民南路三段 ,0
成都小天丽苑,小天北街18号 ,0
成都西祥公寓,成都市黄苑东街2号 ,0
成都新丰苑,丰安路 ,0
成都鑫通惠公寓,西体北路19号 ,0
成都西丽苑,蜀汉路162号 ,12015
成都兴顺花园,星辉东路2号 ,0
成都协和村22号院,协和村22号 ,9512
成都熹晓公寓,永盛东街1号 ,0
成都旭光厂宿舍,成都市新都区电子路邮电大厦 ,0
成都鑫园,红花巷103号 ,0
成都仙海小区,绵阳市驿亭路8号 ,0
成都喜悦·江南半岛,资阳市滨江大道与南骏大道交汇处 ,0
成都鑫汇居住小区,宜宾商贸路 ,0
成都肖家河沿巷7号社区,肖家河沿巷7号 ,0
成都星辉东路省残联宿舍,红星路一段壹号桥头 ,0
成都新港花园,郫县三道堰汀沙生态园区 ,0
成都欣苑,成都市郭家桥南街3号 ,0
成都新世纪花园,一环路南二段2号 ,7485
成都杏苑,西二道街35号 ,0
成都肖家河正街45号小区,肖家河正街45号 ,0
成都西华馨苑,红光镇西华大学对面 ,3944
成都西城水郡泊林,洪雅县新城区106省道旁县武装部南 ,0
成都新材大厦,群星路1号 ,0
成都肖家河东二巷社区,肖家河东二巷 ,8033
成都新华居,双桥路89号 ,0
成都向阳苑,南浦路西段189号 ,4256
成都鑫阳花园别墅,天府大道荷兰水街旁 ,6976
成都现代空间,抚琴西路171号（圣淘沙旁） ,0
成都小天欣苑,小天北街70号 ,0
成都兴城佳域,中鹏西路111号 ,0
成都西城小筑,西安北路44号 ,0
成都学府名苑,蛟龙工业港双九路（川大科技园旁） ,3087
成都西物所宿舍,人民南路四段7号 ,0
成都新时代小区,一环路东南段249号附2号 ,4093
成都西府南街社区,西府南街47号 ,8077
成都西月大厦,一环路浣花小区 ,0
成都新大街1号社区,新大街1号 ,0
成都西大街社区,西大街101号 ,8961
成都消防宿舍,超洋路36号 ,8996
成都新源巷1号院,玉林南路新源巷1号 ,8203
成都新会展中心,南延线新会展中心步行街 ,0
成都欣亿小区,肖家河东四巷3号 ,7884
成都望福街17号院,望福街17号 ,8246
成都新莲馨,海椒市街56号 ,0
成都鑫源锦城,黄金路238号 ,4643
成都香榭春天,红牌楼西部汽车城内 ,0
成都香草舟,政府北路 ,0
成都幸福生活广场,都江堰大道下段（法院东侧） ,5490
成都西江明珠,崇阳镇文井路 ,3309
成都西岭美麓,西岭雪山风景名胜区 ,0
成都西延雅舍,星河街38号 ,0
成都学邻馨地,中和镇学苑路206号 ,0
成都现代名都,十里大道656号 ,4926
成都西城丽舍,蜀汉路365号附18号 ,0
成都新世界·丽舍,西安中路108号 ,0
成都心中田园,邓双新城（岷江大道旁） ,0
成都心意小区,城南一二环间玉林西路永丰路国际花园旁 ,0
成都小天西街1号院,小天西街1号 ,8934
成都新华书店宿舍二,文德路电子科大宿舍旁 ,0
成都惜字宫南街,惜字宫南街 ,0
成都溪源居,鲸龙路185号 ,0
成都兴泰苑,宝光大道中段37号 ,0
成都小天北街18号院,小天西巷5号一环路跳伞塔电脑城附近 ,0
成都小天西巷5号,武侯小天西巷5号 ,0
成都新华商住楼,双桥路178号 ,0
成都新南支路14号,新南支路14号新南门车站国美电器旁 ,0
成都桃李园华阳,合平路 ,0
成都文华路12号院,文华路12号 ,8676
成都皖花小区,二环路西一段 ,0
成都万科阳光会所,静安路1号 ,0
成都武侯横街小区,武侯横街15号 ,8858
成都武候祠横街14号附7,武候祠横街14号附7 ,0
成都五桂桥万景峰,五桂桥迎晖路 ,0
成都文德社区,八里小区 ,0
成都万瑞国际公寓,航空路6号 ,0
成都心怡蝴蝶城,国际新城南天府大道沿线 ,0
成都西江紫园,滨江路南一段2号 ,8506
成都肖家新居,北站东一路8号 ,10635
成都学府新城,黄河北路30号 ,0
成都西蜀皓月三期,金牛坝路13号 ,8593
成都新世纪广场,天府新区华阳镇丁字街 ,0
成都现代名城,十里大道二段438号 ,3928
成都香木林馨苑,龙潭寺西路88号 ,0
成都幸福风景,岷江路131号 ,7396
成都学苑风情港,九里堤中路 ,0
成都象牙海岸,永康西路603号 ,0
成都新和方正花园,方正街8号 ,8911
成都旺府公寓,均隆街64号 ,0
成都文化产业学院教师公寓,华阳锦江路四段 ,0
成都万泉阳光叠苑,安靖镇正义路222号 ,0
成都万科金色领域,光华南三路88号 ,8902
成都温江区万盛新区,南熏大道四段158号 ,2543
成都万里号,浆洗街29号 ,0
成都物探小区,华阳滨河路一段95号 ,5611
成都五块石鑫碧苑,五块石八里桥路 ,0
成都望江公寓,一环路南一段59号 ,38080
成都微波局宿舍,蜀兴南路3号 ,0
成都望平大厦,成华望平街2号 ,0
成都五世同堂,红星路一段 ,13803
成都维港,丽都路538号 ,0
成都泰丰北极星,五块石五组（赛云台北支路/赛云台东二路口） ,0
成都三十七中教师公寓,青羊区光华大道一段484号 ,11280
成都秀城,龙舟路59号 ,0
成都小天西街社区,一环芳草衣冠庙华西小天 ,0
成都西屠场街,西屠场街 ,0
成都新峰大厦,紫荆路 ,0
成都香颂湖国际社区,中兴镇 ,0
成都肖家河东一巷11号小区,肖家河东一巷11号 ,0
成都新港湾,北顺西巷38号 ,0
成都新华书店宿舍,温江区西大街新华书店对门 ,0
成都小通公寓,小通巷6号 ,0
成都西城国际,高科技产业园(西区)蜀西路48号 ,0
成都新港公寓,桃溪路129号 ,0
成都香堤湾,凤凰北大街光华大道沿线 ,0
成都西崇逸景,崇德路（崇义小学对面） ,0
成都舜和家园,成华区十里店东二段 ,11805
成都天府小区,学院路西段371号 ,2938
成都天象大厦,青羊八宝街万和路90号 ,0
成都太升苑商铺,太升北路55号 ,0
成都天涯石南街17号院,天涯石南街17号 ,9328
成都同怡横街50号院,同怡横街50号 ,12780
成都铁塔厂宿舍,崔家店北路2号 ,0
成都铁箍井街2号,铁箍井街2号 ,0
成都天盛大都汇,城中文殊坊旁 ,0
成都太平横街95号院,太平横街95号 ,8694
成都天涯南苑,天涯石南街29号 ,0
成都天成街19号院,天成街19号 ,9570
成都同善街37号院,同善街37号 ,11364
成都望郡c区,青羊大道8号 ,0
成都沃的奥World Office,武青南路51号(武侯科技园、双星大道) ,0
成都威尼斯水城,永文路（芙蓉大道旁） ,0
成都万和阳光城,金园街（金堂客运中心对面） ,9937
成都蔚蓝森林,西河镇政府对面 ,0
成都WOIN风尚,二环路西二段西南财大旁 ,0
成都VACA国际城,阳光城幸福大道 ,0
成都天龙苑,文明西街138号 ,5351
成都天立水晶城,酒城大道 ,0
成都五里青城,青城山环山渠核心风景区内 ,0
成都武侯祠大街11号院,武侯祠大街11号 ,8207
成都卧牛巷10号,卧牛巷10号 ,0
成都文家场,文家场蛟龙工业港 ,0
成都万科金润华府,静秀路55号 ,13921
成都温馨家园,小天北街6号 ,0
成都望平滨河路18号院,望平滨河路18号 ,8342
成都武侯祠大街22号,武侯祠大街22号 ,0
成都唐风苑,新繁镇繁清路 ,0
成都天和盛世,天维街与五桂桥街交界处 ,6024
成都太阳城,赵镇新区六横道街 ,0
成都太升通讯中心,锦江太升南路136号 ,0
成都天益佳苑,泰山北街58号 ,0
成都天盛花苑,航天南路1号 ,5740
成都天泉聚龙国际生态别墅园,同安镇阳光大道旁 ,4873
成都三利宅院商业,双流中和大道90号 ,0
成都顺江苑,华阳顺河街（近世发商务酒店） ,0
成都双流公安局宿舍,棠湖南路二段129号 ,4292
成都蜀泉公寓,龙泉驿区长柏路51号 ,0
成都省物价局宿舍,慈惠堂街31号 ,9379
成都四川日报宿舍,玉林街26号 ,0
成都双流技术监督局宿舍,双流县东升镇棠湖南路三段28号 ,0
成都龙吟华章,成华龙潭总部经济区 ,0
成都石人西路31号院,石人西路31号 ,7971
成都省铁路局宿舍,金仙桥路15号 ,8257
成都双桥路213号,双桥路213号 ,0
成都四川省直机关工委宿舍,洗瓦堰街 ,0
成都世外桃源,建材路6号 ,4628
成都上河居,大安西滨河路3号 ,7341
成都四川军区宿舍,七道堰街30号 ,0
成都石人南路6号院,石人南路6号 ,7336
成都树蓓街104号院,树蓓街104号 ,8466
成都十八中教师宿舍,金罗路4号（18中旁） ,0
成都省政协职工宿舍,红照壁25号 ,0
成都十二北街23号院,十二北街23号 ,8714
成都水映城,正北街 ,0
成都圣陶苑,商业南街46号（陶然村后门） ,5989
成都书香逸苑,郫县团结镇 ,0
成都蜀兴东街小区,蜀兴街 ,0
成都圣景苑,锦绣路19号 ,3053
成都尚信国际公馆,南熏大道二段 ,0
成都顺城苑,东华巷 ,0
成都思华苑,天乐街2号 ,0
成都顺苑小区,成灌西路369号 ,4006
成都三强大厦,科华北路137号 ,0
成都双流锦里园别墅,成都西航港长城路 ,0
成都天府公寓,三桂前街89号 ,0
成都铁路通信厂宿舍,草金东路1号 ,0
成都通锦苑,西体北路3号 ,0
成都天晴美地,临邛镇西较场口街109号 ,0
成都镗钯街社区,镗钯街 ,0
成都铜丝街社区,德盛路市中心人人乐好又多 ,0
成都太升南路288号院,太升南路288号 ,9161
成都天府丽都,青羊区草堂北支路217号 ,0
成都同盛路社区,同盛路 ,0
成都缇香府二期,唐安西路70号 ,0
成都太极花园,长安路275号 ,0
成都同善桥9号院,同善桥9号 ,0
成都天府花城,生态大道踏水段299号 ,0
成都天科大厦,现代工业港港通北四路 ,0
成都泰祥小区,高升桥东路28号 ,0
成都泰立观筑,书院街111号(交大银座小区旁） ,4821
成都天晨花溪碧,蓉北路三段223号 ,8697
成都特拉克斯国际广场,高新区成都人南路天府立交左侧（高新管委会 ,0
成都跳蹬河北路社区,跳蹬河北路 ,0
成都天府银苑,都江堰天府大道 ,3261
成都天香苑,清源路138号 ,4405
成都天府豪庭,武侯区荣华南路398号 ,8559
成都天府家苑,华阳富民路一段282号 ,5731
成都棠湖家苑,双流县东升街道城北下街131号 ,5463
成都渭水尚苑,龙桥镇渭水社区 ,0
成都文华路4号院,文华路4号 ,9064
成都武侯祠大街242号,武侯祠大街242号 ,0
成都万科阳光公寓,静安路1号 ,0
成都望平街153号院,望平街153号 ,0
成都双流保险公司宿舍,东升镇棠湖西路二段25号 ,4565
成都三江城市之光,温泉路 ,0
成都石油公司宿舍,横东城根街4号 ,0
成都石人东路11号院,石人东路11号 ,8446
成都蜀明东路小区,蜀明东路10号 ,0
成都上同仁路63号院,上同仁路63号 ,0
成都双楠街44号院,双楠街44号 ,0
成都市委机关大院,营通巷21-36号 ,0
成都陕西街单位宿舍,陕西街32号（石室联合中学附近） ,10317
成都蜀汉路黄忠街20号院,蜀汉路黄忠街20号 ,0
成都石人南路19号院,石人南路19号 ,8318
成都石人西路11号院,石人西路11号 ,8463
成都省财政厅宿舍,梓潼桥西街18号 ,10546
成都上沙河铺街202号院,上沙河铺街202号 ,0
成都蜀汉路31号院,蜀汉路31号 ,8214
成都省委宿舍,商业街6号（四川省委旁） ,0
成都省交通厅宿舍,武侯祠大街180号 ,0
成都守晶街6号院,守晶街6号 ,0
成都双清南路社区,城西府南新区双清南路二三环路之间 ,8373
成都水碾河路30号小区,新华公园万年场电视塔双林路水碾河城西 ,0
成都三官堂街104院,三官堂街104号 ,0
成都三槐树街93号院,三槐树街93号 ,0
成都省政府宿舍,成都锦江区庆云路 ,0
成都蜀营路社区,金沙蜀营路 ,0
成都双庆路47号小区,双庆路47号千居朝阳对面 ,0
成都蜀鼎意景,孟湾东道286号 ,0
成都思维苑,锦江区红星路二医院武城大街111号 ,0
成都塞格广场,太升南路中路忠烈祠西街交接处 ,0
成都省纪委宿舍,二道桥街6号 ,8106
成都天府时代广场,东大街以南、水井街以北 ,0
成都深越西园,子云路194号 ,0
成都世发家园,华阳张家巷簸箕街 ,7587
成都双顺路社区,青羊区双顺路 ,0
成都三街坊社区,双桥路174号 ,0
成都顺心苑,富民路二段207号 ,10281
成都沙竹园,成都市武侯区晋阳路288号 ,0
成都四季豪廷,郫县科化一路31号 ,0
成都署前公寓,署前街31号 ,0
成都蜀锦厂宿舍,望仙场街37号 ,0
成都沙河怡苑,经天西路106号 ,0
成都蜀营街12号院,蜀营街12号 ,8504
成都双建路小区,双建路60号 ,0
成都沙湾路61号院,沙湾路61号 ,8636
成都桃源街社区,桃源街2号（桃源街与双建北巷交叉） ,8704
成都天宏水晶城,遂宁市城北西山路明月桥侧 ,0
成都天府临邛,凤凰大道649号 ,3173
成都天晨美墅庭院,宝光大道23号 ,2997
成都天鹅岭,龙都北道3号 ,9031
成都水乡颐园,郫县三道堰文化广场 ,0
成都双流畜牧局宿舍,东升镇城北下街63号 ,4290
成都蜀光路8号院,成都市金牛区蜀光路8号 ,7606
成都双流残联宿舍,双流县东升镇白依下街60号 ,4425
成都蜀都新邨,顺河东街33号 ,4261
成都丝绸厂小区,中和街道半边街 ,0
成都沙湾邮局宿舍,沙湾路71号 ,0
成都石桥小区,府城大道799号 ,9396
成都双流顺和苑,双流县东升镇长顺路四段86号 ,0
成都省高级人民法院单位宿舍,成都天成街55号（正府街旁） ,0
成都书院小区,书院街22号 ,3862
成都沙河苑,东怡街1号 ,0
成都石人重型苑,成都市大庆路80号 ,0
成都商业银行宿舍,肖家河兴蓉街19号 ,0
成都石人南路32号院,石人南路32号 ,8166
成都实业街19号院,实业街19号 ,13485
成都师友路6号院,师友路6号院 ,8083
成都石人竹苑,大庆路80号 ,7767
成都省粮食局宿舍,川音九眼桥 ,0
成都丝绸公司宿舍,顺城街 ,0
成都沙板桥教师宿舍,跳蹬河北路86号 ,7629
成都生殖卫生学院宿舍,美领馆对面 ,0
成都树德巷3号院,树德巷3号（树德中学附近） ,9467
成都水电五局干部宿舍,锦江一环路东四段 ,0
成都省工商银行宿舍,锦江区中新横街3号 ,0
成都四川幼师宿舍,致民东路16号 ,10130
成都水碾河北一街社区,水碾河路39号 ,8383
成都塑料厂宿舍,二环路西一段7号 ,6842
成都双楠街129号院,双楠街129号 ,0
成都沙西欣城,安靖镇西南交大新校区对面 ,4409
成都尚河景,仁和街（郫彭路旁） ,0
成都三和汇龙金港,新建路1路（平安桥头） ,0
成都水色时光,黄苑街15号 ,0
成都塑料市场宿舍,武侯区一二环间永盛北街 ,0
成都水城印象,水城印象位于金堂县毗河南岸沱源大道东侧 ,3731
成都上城国际,成华大道与二仙桥东路的交汇处，... ,12655
成都税务局宿舍,金鱼街1号（抚琴路与金鱼街交汇处） ,8160
成都双桥路南一街14栋,双桥路南一街 ,0
成都蜀兴公寓,二环路东三段7号 ,0
成都山水邻居,都江堰虹口景区 ,0
成都石油嘉苑,府青路一段17号 ,0
成都双流国土局宿舍,仁和路49号 ,4460
成都蜀光苑,肥猪市街57号 ,0
成都水流云在,友爱镇石家桥出口农科村方向200米处 ,5274
成都水木苑,光华村街66号 ,0
成都石竹苑,石人正街2号 ,7734
成都双楠街社区,双楠街59号 ,8664
成都双桥路南一街15号,双桥路南一街15号 ,0
成都社保局宿舍,市中心人民公园附近 ,0
成都赛弗假日,顺城大街27号 ,0
成都上城,青羊大道8号 ,0
成都上池北街十一号院,市中心上池北街11号 ,0
成都STUDIO单飞,老马路7号 ,0
成都生态庭苑,天缘路一段179号 ,4370
成都双子座,华金大道中段 ,0
成都沙河林荫,成仁路桦林苑（3路车终点站） ,0
成都水井仁家,水井坊街6号 ,0
成都上东壹街区,成都市洪河大道北路 ,0
成都A-Ztown,建设路2号(原成都国光电气股份有限公司) ,0
成都人民南路社区,人民南路一段 ,0
成都水云间,（西区）围城大道兴业街 ,0
成都少城雅居,西胜街8号 ,0
成都蜀泰商厦,太升南路136号 ,0
成都沙河庭院,三友路229号新1号 ,14098
成都三洲佳润,东安南路 ,0
成都水都新城,新马路 ,0
成都蜀韵雅居,青城桥下灌温路口 ,0
成都水都城市花园,江东街258号 ,3962
成都少城佳苑,蜀华街61号 ,9404
成都森邻香堤,灵雅路238号 ,0
成都双楠逸景,外双楠武侯大道双丰中路256号 ,0
成都书香庭苑,双流成北上街58号 ,4840
成都尚东美寓,永安路三段42号 ,5158
成都上品优空间,蜀汉路516号 ,0
成都深蓝华亭,一环路西三段1号 ,0
成都盛世荷花,人民北路三段196号 ,0
成都四海一家,青羊二环路西二段与清溪路交汇处 ,32387
成都人行宿舍,二环路南二段27号 ,0
成都如是庵街1号院,如是庵街1号 ,10241
成都人民商场宿舍,营通街16号 ,0
成都润鑫·宅院,东南市街39号 ,0
成都人和佳苑别墅,草堂路万树园侧 ,0
成都荣兴苑,抚琴西路171号 ,0
成都荣鑫苑,银沙横街8号 ,0
成都荣馨公寓,九里堤南路8号 ,0
成都润生兰园,中和镇中柏路 ,10261
成都荣祥嘉苑,中和镇中柏路255号 ,10964
成都蓉墅,人南延线新会展中心旁 ,0
成都瑞康花园,玉带桥街210号 ,8382
成都清江苑,黄田坝清河一村 ,5362
成都清江雅舍,万寿桥路66号 ,9910
成都情真苑,成都高新区天仁北一街9号 ,0
成都曙馨苑,蜀前街31号 ,12055
成都润和书院,华阳正北街华阳中学旁 ,0
成都瑞联路249号,瑞联路249号 ,0
成都仁和公寓,仁和路26号 ,0
成都仁达公寓,滨河桥附近 ,7347
成都人防大厦,郫县郫筒镇一环路东北段120号 ,0
成都仁和居,华阳大道三段91号 ,0
成都润兰苑,二江路二段292号 ,6146
成都瑞云壹号村庄,司马大道1号 ,0
成都蓉北商贸中心,蓉北商贸大道一段17号 ,0
成都润升林韵,双流县东升镇棠湖南路 ,0
成都荣馨佳苑,二环路南四段联谊巷1号 ,0
成都瑞通新居,二环路北四段1号 ,0
成都人民南路四段38号院,人民南路四段38号 ,0
成都荣德大厦,东门街79号 ,0
成都启明公寓,均隆街3号（东门大桥旁） ,0
成都沁园小区,宜宾航天路中段 ,7252
成都齐心大院,树德巷2号（近宁夏街) ,8988
成都前进苑,温江和盛镇步行街 ,2202
成都青城雅舍,青云路2号（青城山镇） ,0
成都青龙日月苑,昭觉寺横路19号 ,0
成都青羊大道小区,青羊大道 ,0
成都区调队宿舍,华阳大道 ,0
成都青城美庐,都江堰泰安村四组39号 ,0
成都成都龙潭总部新城,成都龙潭总部新城位于成华东三环二段龙潭都市工业集中发展区 ,0
成都清江东路31号院,清江东路31号 ,8590
成都青羊西路2号院,青羊西路2号 ,9449
成都群益路2号,群益路2号（二环路外侧） ,7378
成都清江路小区,青羊区清江路 ,0
成都戎居苑,少陵路安居街88号 ,8074
成都瑞丰巷社区,府青路二段 ,0
成都仁和园,海椒市街60号 ,0
成都瑞园小区,李家沱 ,0
成都日月公寓,蜀汉路152号 ,0
成都清波苑,金福北路101号（翠微清波旁） ,0
成都清和里北段7号院,清和里北段7号 ,10314
成都清溪南街14号院,清溪南街14号 ,0
成都青城花园,都江堰青正街63号 ,4167
成都青羊上街398号院,青羊上街398号 ,15964
成都清江东路41号院,清江东路41号 ,0
成都琴台路社区,琴台路 ,0
成都群和路社区,群和路1号 ,0
成都青羊上街208号院,青羊上街208号 ,14447
成都倾城莲花,西江乡龙泉村 ,6066
成都清溪庭院,青羊清溪西路6号 ,9321
成都清溪南街15号院,清溪南街15号 ,7870
成都青年路社区,青年路 ,0
成都青和里,九眼桥青和里 ,0
成都青龙横街37号院,青龙横街37号 ,8590
成都群众路社区,九眼桥群众路 ,0
成都沁芳苑,芳草东街105号 ,0
成都七里溪香,同华大道177号 ,3774
成都清河艺术家创作园·聚艺36墅,友爱镇石家桥出口农科村方向200米处 ,0
成都青年家园,郭家桥正街6号 ,0
成都晴和苑,建设北路三段496号 ,0
成都青城二十四院,康兮路69号 ,0
成都齐力棕榈湖国际社区,棕榈湖路104号(北河二桥旁) ,3054
成都清河御苑,友爱镇清溪村 ,0
成都青城皓庭,青城山环山路17号 ,0
成都倾城之恋,新中路与桑园街交界处 ,0
成都青城两河山庄,青城后山两河乡风景区 ,0
成都清河上院,友爱镇释迦桥下街76号 ,0
成都青城后山水,青城后山山门50米 ,2915
成都清溪映墅,青城山镇和乐村 ,0
成都清江小区,金福路140号 ,6301
成都七彩空间,莲桂南路28号 ,11125
成都清溪苑,同善桥东街2号 ,0
成都千禧家园,团结镇 ,0
成都浅水湾,德阳珠江大桥东 ,6035
成都青城风景,香楠路（泉水路旁） ,2847
成都千色园,神仙树南路8号 ,0
成都亲河名居二期,大丰镇三元街 ,0
成都秦堰名居,灵岩山脚下（都江堰市区旁） ,0
成都郫县地税小区,郫县郫筒镇包家巷 ,5592
成都郫县机面厂小区,文庙巷61号 ,5237
成都郫县蜀都苑,王府商业街70附13号 ,2994
成都圃园路4号院,圃园路4号（九里堤公园附近） ,7366
成都蓬莱居,金仙桥路9号 ,7381
成都楠村公寓,武侯区二环路西一段（伊藤洋华堂对面） ,0
成都平福路124号,李家沱平福路124号 ,0
成都攀乐苑,蜀兴西街34号 ,0
成都彭湖湾国际生态社区,四川彭山县寂照街2号 ,0
成都蒲阳商住综合市场,都江堰蒲阳大道东段蒲阳新桥头 ,0
成都鸥鹏大道小区,龙泉鸥鹏大道 ,0
成都欧洲印象,航空港机场路（家园国际酒店旁） ,0
成都欧康花苑,金沙街与滨江路交界处 ,0
成都南阳花园,龙透关路29号 ,0
成都南亚风情苑,东兴大道 八号路 汉安大道 ,0
成都南岳小区,国色天香旁 ,0
成都内燃机厂宿舍,昭觉寺南路139号 ,0
成都南城驿站,成都市桐梓林东路22号附3号 ,0
成都农行家属院,温江文化路与和宁街交口 ,0
成都南阳新苑,机场路月亮湾站对面 ,0
成都楠苑公寓,高升桥东路15号 ,0
成都南河上居,青羊横街5号 ,11017
成都南岳别墅,温江国色天香旁 ,0
成都南城新贵,人民南路四段中苑巷2号 ,0
成都农行宿舍,肖家河小区东二巷9号 ,0
成都南鑫苑,玉通巷5号 ,0
成都南港都市,正西街彩虹桥头 ,9600
成都南桥新天地,新津东顺河街94号 ,6824
成都岷江花园,幸福大道中山北路8号 ,4381
成都岷山馨苑,观景路中段322号 ,3846
成都民航快递大楼,高新区火车南站西路38号 ,0
成都明顺园,彭州市天府中路 ,0
成都岷阳小区,郫县星光大道夜市旁 ,4273
成都南谊大厦,领事馆路1号 ,0
成都南巷子公寓,同仁路观音阁后街 ,0
成都南灯巷2号院,南灯巷2号 ,0
成都能达花园,玉居庵东路5号 ,8744
成都牧电路后街13号院,牧电路后街13号 ,8592
成都茗景苑,华阳正北中街5号 ,0
成都美洲加州山庄,高新区南三环路五段188号 ,0
成都明阳大厦,金牛沙湾东一路31号 ,0
成都美林花园,都江堰景环路58号 ,3002
成都马尔康林业局干休所,郫县北二环东段75号 ,3835
成都明苑西区,金沙西巷40号 ,0
成都磨房街30号院,磨房街30号 ,11419
成都牧电路7号院,牧电路7号（牧电路与牧电后街交界处） ,10498
成都牧电路13号,牧电路13号 ,0
成都牧电路后街社区,西门一环边浣花溪公园旁 ,0
成都民主路,民主路红瓦寺九眼桥一环路川音 ,0
成都牧电路后街11号院,牧电路后街11号 ,8954
成都民主路12号院,民主路12号 ,0
成都民园小区,华阳大道二段134号 ,4203
成都茗兴花园,双流县朝阳路119号 ,0
成都懋山湖,阳光大道288号（中粮御林湾前行100米） ,0
成都牡丹公寓,七莘路2899弄 ,0
成都明苑小区,西航空港白家镇（近花红小区中街） ,4666
成都岷江小区,西区大道300号 ,0
成都美墅半岛,青城后山大观镇两河风景区 ,7696
成都牡丹名邸别墅,新光路5号 ,0
成都猛追湾南街,猛追湾南街 ,0
成都漫草苑,温江区万春镇南岳村 ,0
成都木仁星期八,草堂北支路217号 ,0
成都岷江河畔,龙潭湾滨河路 ,4318
成都MINI格调,一环路南四段兴蓉街 ,0
成都梦想空间,犀浦镇犀方路车管所行政服务大楼对面 ,0
成都名人第四城,二环路北一段 ,0
成都满庭芳,朝阳路和天府大道交汇处 ,3115
成都MINI米妮,白马庙市场旁 ,0
成都玫瑰苑别墅,幸福大道下段 ,5952
成都磨子巷8号院,磨子巷8号 ,0
成都马鞍山路36号,金牛区李家沱马鞍山路36号 ,0
成都柳岸阳光,温江柳林乡和平村4租 ,0
成都美景花园,武阳西路240号 ,0
成都美丽华,温江西大街166号 ,0
成都岷江畔岛,幸福大道上段 ,0
成都岷山商城,都江堰幸福大道上段 ,0
成都岷山雅居,蒲阳路313号 ,0
成都美墅云间,少陵东街28号 ,8924
成都利泰春天,江阳区龙透关23号 ,0
成都蓝山溪谷,麓山大道310号 ,0
成都邻水苑,清源路78号 ,3963
成都林科院宿舍,下沙河铺街44号 ,0
成都立山公寓,绵阳市成绵路42号 ,0
成都泸州阳光水岸,泸州香林路 ,0
成都乐源小区,泸州迎宾大道 ,0
成都蓝天中苑,驿都东路930(龙泉音乐广场附近) ,4857
成都路桥宿舍,高升桥东路22号 ,13988
成都丽水江南,北泉路459号 ,0
成都粮食局宿舍,滨江东路230号 ,0
成都龙祥苑,成都市龙泉驿区青年路172号 ,3905
成都麓山国际黑鹰庄园,麓山大道二段6号 ,0
成都龙泉花园,滨河路106号 ,4251
成都玲珑郡,金履四路58号 ,0
成都龙泉政府大楼,惠王陵东路 ,0
成都丽雅园,星河街39号 ,0
成都丽鑫苑,红牌楼北街26号 ,0
成都龙祥佳苑,香山大道 ,0
成都来龙名苑,灵龙路373号 ,0
成都龙锦晓筑,双拥路63号 ,0
成都六菱社区,华阳大市场附近 ,8807
成都龙鑫小区,成都市龙泉驿区南京路10号 ,5416
成都兰天中苑,成都市龙泉驿区驿都东路930号 ,0
成都龙洲花园,望仙场街3号 ,0
成都浪淘沙华阳大道二段,华新中街248号 ,0
成都旅游公司宿舍,通济桥街143号 ,0
成都邻里中心,新都工业区龙虎大道 ,2332
成都兰郡驿站,莲桂南路36号 ,0
成都正成拉斐,金牛区兴科北路8号 ,0
成都临江路16号院,临江路16号 ,10648
成都蓝天路3号院,蓝天路3号（梅园旁） ,8605
成都六合园,市中心宽窄巷子36号 ,0
成都林荫街电信局宿舍,林荫街 ,12254
成都龙腾小区,丽景华庭旁龙华北路9号 ,14479
成都拉萨市公安局成都民警公寓,家园南街7号 ,0
成都六九宿舍,一环路东一段 ,0
成都林业局干休所,南熏大道388号 ,3783
成都琉璃场社区,琉璃场 ,0
成都蓝湾半岛,新津县五津镇西顺河街81号 ,0
成都龙锦湾,蜀王大道189号 ,0
成都麓山国际圣芭芭拉,人民南路南延线麓山大道二段6号 ,0
成都六三0宿舍,神仙树创业路9号 ,0
成都老成仁路汽修厂宿舍,老成仁路与万达广场交汇处 ,0
成都利民巷2号院,利民巷2号（四川大学华西医院后） ,10265
成都凌海房产,锦兴路18号 ,0
成都力合上域中央,新河路166号 ,0
成都罗家碾街35号院,罗家碾街35号 ,8358
成都领航高端产业楼,人民南四段 ,0
成都旅游局宿舍,一环路南二段7号 ,8640
成都龙瑞花园,城北青龙场温鸭子龙瑞花园 ,0
成都临江名居,临江东路30号 ,0
成都临邛世家,文庙街28号 ,3572
成都绿阳新屯,蜀汉路490号 ,0
成都梨花街1号院,梨花街1号 ,10677
成都拉萨成都安居苑,红牌楼董家湾北街8号 ,6080
成都龙湾生活广场,外双楠/龙腾路与龙华路交汇处 ,0
成都拉姆则林卡,康定东关新城 ,0
成都蓝天苑,华锦路102号 ,0
成都柳镇小院,南熏大道二段12号 ,0
成都六月花苑别墅,望仙场街39号 ,15716
成都罗曼星城,川齿路356号 ,4263
成都丽水芳林,龙洛路（黄义路旁） ,14317
成都兰桂香林,金家巷81号 ,4467
成都丽晶假日,太升北路9号 ,0
成都廊桥水岸,滨江路南一段 ,7356
成都柳苑,北较场路13号 ,0
成都旅游教师宿舍,火车南站西路，旅游教师宿舍 ,0
成都罗家碾公寓,大庆路98号 ,11741
成都丽景园,市中心文翁路人民公园附近丽景园 ,0
成都龙湖世纪峰景,世纪城新会展中心【天鹅湖畔】 ,20630
成都康宁·沁园春,江阳西路龙透关怡景路5号 ,0
成都金诺御景山居,泸州城北新区南光路42号 ,0
成都龙吟国际,永康森林公园 ,3850
成都流溪美庐,龙工南路与白家路交界处 ,0
成都兰庭丽景,彭州政府旁 ,4643
成都柳河苑,柳河南路255号 ,5623
成都老年健康公寓,阳光体育城 ,0
成都丽都花城,围城南路南段130号 ,0
成都龙门上西雅居,机投镇花龙门村4组 ,0
成都丽景东湖,新繁镇滨江路东湖森林广场旁 ,3541
成都龙锦慧苑,簇锦横街160号 ,0
成都晋平街20号院,晋平街20号 ,6760
成都龙湖小院青城,青城山大三路2号 ,0
成都蓝光空港总部基地,航空港黄河中路二段 ,0
成都伯爵山,南延线簏山大道旁边 ,0
成都空港之星,西航港羊双路（川大西航港第一实验小学对面） ,3010
成都康成家园,温江区新南路655号 ,4191
成都康居天骄星城,青白江区文汇路28号 ,0
成都科华巷11号院,科华巷11号 ,8049
成都科仪厂宿舍,新鸿南路159号 ,0
成都奎星搂街14号院,奎星搂街14号 ,17549
成都科华巷2号,科华巷2号磨子桥一环路南一段川大附近 ,0
成都科华巷社区,科华巷2号领事馆棕北亚太好又多附近 ,0
成都金南小区,湖滨路一巷50号 ,4081
成都锦鑫苑,龙平路89号 ,5271
成都军安卫士花园,中和二街66号 ,0
成都金欣苑,金丝街45号 ,0
成都静雅小区,郫县南苑巷94号 ,3768
成都巨梁半岛,彭山县彭祖大道北段四川大学锦江校区南侧（四川大学锦江学院旁） ,0
成都嘉美地,剑南大道南段元华路1188号 ,0
成都建设大厦,锦江东城根上街78号 ,0
成都九龙圣地,崇州区三郎镇 ,3410
成都静华苑,长顺路四段140号 ,3591
成都金洲半岛,外南街 ,0
成都廊桥水岸春天,滨江路南一段 ,0
成都蓝色雅典,长兰路1号 ,0
成都莱茵家园,武城大街武城大桥内侧 ,0
成都临江苑,马家花园路 ,0
成都蓝色夏威夷,人民南路南沿线西侧迎宾大道 ,0
成都临江阁,青城路（新堰坎旁） ,0
成都丽景欣城商业街,温江体育北路中段 ,0
成都龙泉阳光假日体育城,同安镇锦宏大道１号 ,0
成都科华南路3号,科华南路3号 ,0
成都空港新天地,长江路三段21号 ,0
成都锦宏新景观,少陵路28号 ,0
成都晋吉东二街42号院,晋吉东二街42号 ,0
成都金座大厦,青羊西安南路63号 ,0
成都金沙柏林郡,清波路7号（三环路西四段） ,0
成都金堂水城商会大厦,赵镇金中路53号 ,0
成都经华北路16号,经华北路16号 ,0
成都家和楼,交通巷12号 ,0
成都金利苑,清江东路清邻街3号 ,0
成都九医院宿舍,包家巷77号 ,0
成都金宇花园,长天路14号 ,0
成都科华中路4号附1号院,武侯区科华中路4号附1号 ,8668
成都科华中路社区,科华中路 ,13571
成都康欣苑,牧电路9号 ,0
成都康桥水乡,灌金路(外国语实验学校对面) ,3369
成都客汇天下,都江堰都江堰大道柏条河旁 ,0
成都空中港湾,恒山南街307号 ,0
成都交大归谷国际住区,长益西三路259号（武阳大道三段） ,0
成都嘉宇大厦,武侯一环路菊乐路1号 ,0
成都金兰小区,云溪路2号（丽景欣城旁） ,3516
成都景德二巷,西大街 ,0
成都晶宝楼,郫县犀池二街87号 ,0
成都金城公寓,双流县清泰路 ,4882
成都晋阳彩庭,武侯区晋阳路北 ,0
成都金辉苑,金辉路188号 ,6247
成都贾家巷小区,贾家巷街40号 ,4366
成都双发金英汇,科华中路150号（农商银行旁） ,7928
成都金泉社区,黄金东一路羊犀立交外侧 ,0
成都建安公寓,泰宏路28号 ,12404
成都聚贤居,通锦桥路176号 ,0
成都津都雅居少公馆,迎宾大道15号 ,0
成都景宏阁,一环路南四段武侯横街17号 ,0
成都静香庭园,华新下街43号 ,0
成都教育局宿舍,学道街53号 ,11849
成都金洲家园,沙湾路260号 ,8795
成都教师楼宿舍,ＳＭ广场麻市桥沙板桥路海棠名居旁边 ,0
成都金河西街商铺,金河西街 ,0
成都锦翠花园,顺和街2号 ,0
成都嘉华阁,建设北路三段189号 ,0
成都佳荣阳光公寓,西门车站路边 ,0
成都金犀庭苑,恒山南街255号 ,0
成都华府世家,玉宇路996号（光华大道东坡立交内侧） ,9213
成都金鱼街60号院,金鱼街60号 ,8674
成都金府旺角,金府路669号 ,0
成都金瓯路社区,金瓯路330-333号 ,0
成都九思巷,天府广场九思巷 ,0
成都交通运政宿舍,西门车站营门口沙湾会展中心金沙路 ,0
成都金邑志达苑,战旗东路1号 ,0
成都浆洗街5号院,浆洗街5号附1号（武警成都医院旁） ,9668
成都金象苑,仁居路2号 ,0
成都建川商寓,清江东路368号 ,0
成都锦都公寓,红星中路二段23-33号 ,0
成都佳丽公寓,花牌坊街2号 ,0
成都金亿蓝苑春,草堂北支路6号 ,0
成都晶都小区,老成灌路犀浦段 ,4448
成都嘉和丽景,政府北路198号 ,3870
成都金科智地,高新西区高新技术发展园（西区）金科南路中段 ,0
成都锦绣天居,唐兴街68号 ,4023
成都金花映月,金花镇金江路32号江安河生态公园内 ,0
成都津城绿地,五津东路下段 ,6701
成都锦上花都,彭山县紫薇中路 ,0
成都金沙银座,清江西路1号 ,0
成都交大美领,九里堤中路223号 ,0
成都加州印象,交大路2号（沙湾国际会展中心旁） ,0
成都锦尚国际,云霞路与逸霞街交界处 ,10272
成都建川中央欣城,广汉市中山大道北一段 ,0
成都警苑小区,和平街151号 ,3105
成都金沙万瑞中心,清江西路（西单商场旁） ,0
成都锦华苑二期,华阳大道一段 ,0
成都交大楼,华阳正大街 ,0
成都锦水花乡蓝湾,琉新路1号（锦华路与琉新路交汇处） ,3975
成都金晖花园,金园街263号 ,0
成都金津苑,新风路181号 ,0
成都金川教师苑,一二环之间大石西路百花正街33号 ,0
成都佳佳物业,星辉中路6号府河边太升北路 ,0
成都交大花园清水河小区,东坡大道 ,0
成都金沙印象,苏坡乡青江村1组 ,0
成都建设银行宿舍,营门口路523号 ,0
成都金宇格蓝地,白马寺街6号 ,7567
成都建设南二路,建设南二路1号 ,0
成都箐华园,金牛区九里堤北路6号 ,0
成都建发鹭洲,南部新区天府新城核心区域 ,0
成都九里阳光,星科路6号（九里堤北路与星科路交汇处附近） ,0
成都精诚商住楼,三友路 ,0
成都金港兴城,星辉西路4号 ,0
成都锦宏河滨苑,九里堤中路41号 ,0
成都交大都市花城二期,金牛区站北西横街3号 ,20670
成都聚贤新园,筒车巷30号 ,0
成都嘉洲华府,二环路北一段117号 ,13376
成都骏翔南园,站华路东侧（欧尚超市高新店附近） ,0
成都火南小区,科华中路4号附1号 ,0
成都华能大厦,武侯新南路7号 ,0
成都红攀小区,红光镇合作路26 ,0
成都宏祥公寓,天祥街166号 ,0
成都黄龙大厦,新源巷2号 ,0
成都核桃小区,长益西三路260号 ,0
成都海联大厦,倪家桥路11号 ,0
成都锦都印象,天仙桥南路青莲街91号 ,0
成都交通管理局宿舍,人民南路四段40号 ,0
成都锦里中路小区,锦里中路60号 ,0
成都锦江区法院宿舍,宏济巷124号 ,0
成都军干所南苑,草堂北路17号 ,9987
成都锦卉花园,城西金牛区蜀汉路欧尚对面 ,0
成都锦尚景,石家碾中路117号 ,0
成都经典华庭,石家蹍中路80号 ,7413
成都金雍阁,桐梓林中路1号 ,0
成都华兴商务港,锦江永兴巷2号 ,0
成都九里春枫,金府路502号 ,0
成都锦江嘉园,龙舟路 ,0
成都津都花城,兴园五路42号 ,2747
成都浆洗街大厦,浆洗街15号或武侯祠大街2号（天亿大厦对面） ,0
成都精城花园,外西文家场精城路 ,0
成都嘉州花城,乐山市嘉定中路73号附10号 ,0
成都金色乐章,静安路 ,0
成都金水苑,三中园区南环线 ,4010
成都九龙胜景,望平街滨河路8号 ,0
成都井福公寓,井福街1号 ,0
成都金杏苑,蒲阳路血站路口 ,0
成都金桥小区,金平巷26号 ,3702
成都金桥苑,中山路123号（新阳光百货斜对面） ,0
成都锦瑞名居,簇桥三婆殿 ,0
成都俊兰苑,棕南东街3号 ,0
成都佳园,卧龙街63号 ,0
成都吉绿苑,晋吉南路 ,0
成都机投镇政府宿舍,草金路15号 ,5812
成都景润华庭,东环西街149号 ,3361
成都江安丽苑,川大南路一段200号 ,0
成都建设路小学宿舍,成都市成华区建兴路 ,0
成都检察院家属院,郫县南大街232号 ,3549
成都峻峰花园,绵阳市沈家坝东街18号 ,0
成都锦绣南湾,资阳市建设南路一段 ,0
成都晋林小区,天俯东路161号 ,0
成都俊虹园,宜宾马栈街 ,0
成都晋平街20号,武侯晋平街20号红运花园馨园旁 ,0
成都家和盛世,彭山县彭祖大道南段46号 ,0
成都金江明珠,草金路南段218号 ,0
成都金琴小区公寓,营和巷52号 ,0
成都交管所家属院,温江区鱼凫路 ,0
成都景琪苑,华阳富民路三段 ,0
成都金瑞花园,建材路161号 ,0
成都锦江国际商邸,临江东路36号 ,0
成都锦城花园二期,羊西线蜀汉路269号 ,0
成都灏景尊城,酒城大道 ,0
成都恒成花园,都江堰市安轻路162号 ,3216
成都华夏名居,迎宾路217号 ,3889
成都汉安国际,内江市东兴区汉安大道 ,0
成都宏苑,槐树店路40号 ,0
成都红盾小区,泸州江阳西路 ,0
成都华逸花园·新都苑,川陕路冶配厂宿舍 ,0
成都煌歌艺树,成都龙泉驿区合龙街30号 ,6701
成都禾正雅居,金牛区蜀汉路51号 ,0
成都华宇阳光尚座,东荆路988号（距离川陕立交约400米） ,0
成都宏济苑,宏济中路5号 ,0
成都汇鑫苑,江华路288号 ,6405
成都航天市场小区,温江两河路 ,0
成都恒兴苑,长柏路187号 ,4341
成都华新商厦,华新上街 ,0
成都华新大院,华新中街132号 ,6157
成都琥珀庭院,龙泉驿区经开区南一路2666号 ,0
成都欢乐城198,成彭路立交旁边，欢乐谷旁 ,0
成都弘福苑,成科路12号 ,0
成都好百年家居广场,成都市武侯区航空路 ,0
成都浣花溪城管局宿舍,西一环路附近 ,0
成都恒丰雅苑,甲子东路110号 ,0
成都红庙子街社区,红庙子街 ,0
成都汇通银行宿舍,滨江路52号 ,10816
成都宏济东路,一环路东五段牛王庙宏济东路27号 ,0
成都红旗巷社区,二环路北三段高笋塘红旗巷 ,8292
成都宏达公寓,红牌楼北街14号 ,0
成都华宇·蓉国府,武侯人民南路四段12号 ,0
成都江都名园,江安路（原体育场处） ,0
成都江都花园,幸福镇青城路336号 ,6210
成都靓碧天苑,锦兴路20号（近红星路四段） ,0
成都金沙商业中心,青羊大道213号 ,11592
成都花生活,踏水镇花木交易中心 ,0
成都禾嘉名邸,朝阳街3号（县政府旁） ,2394
成都鸿达公寓,成都市红牌楼北街12号（东方家园对面，二环路内侧） ,0
成都华宇水景湾,华阳镇华阳大道一段 ,0
成都宏泰花簇锦绣,北新路2号（职业教育中心对面） ,6641
成都河景花园,苏坡桥苏坡中路48号 ,0
成都福满楼,龙泉文明西街10号 ,0
成都高新商务楼,高鹏大道 ,0
成都建州小区,宜宾金沙江大道 ,0
成都华阳桂花园,华阳西北街29号 ,0
成都华莱丽景,长冶路四段116号 ,0
成都环卫局家属院,来凤路375号 ,3814
成都红照壁小区,红照壁25号 ,0
成都槐树锦苑,槐树店路40号 ,0
成都宏达世纪锦城,海昌路68号 ,17579
成都和信融锦云湾,二环路东二段22号（建设路SM广场斜对面） ,0
成都汇丰花园,四川省成都市武侯区 ,5140
成都鸿昌苑,长冶路三段 ,0
成都华华商住楼,青年路 ,0
成都华威公寓,武侯区  芳华街51号 ,0
成都宏昌佳苑,长江路二段14号 ,4963
成都华兴时代,纯阳观街1号附41号 ,0
成都鹤林小区,龙潭工业园区宝耳国际大道 ,0
成都槐树街2号院,槐树街2号（近长顺下街） ,9200
成都浣花北路8号院,青羊区浣花北路8号 ,8731
成都鸿盛鑫和苑,郫县永宁路南段340号 ,0
成都花样年君山,君山路1号（新津老君山） ,0
成都华西医大西区宿舍,放生池41号 ,0
成都红星路一段社区,红星路一段一号桥附近莹华寺 ,0
成都华城商厦,通锦桥路89号 ,0
成都华鑫苑,西林巷18号 ,0
成都华新锦绣尚郡,牧马山大件路1089号 ,0
成都鸿泰明园,正义路355号 ,0
成都航天苑,新鸿路188号 ,0
成都海椒市街10号院,海椒市街10号 ,8887
成都华天阳光小区,槐树店路27号 ,5643
成都会展中心,金沙路 ,0
成都互利西一巷,互利西一巷8号 ,0
成都华阳民居,劝学路（劝学路与正西街交叉） ,6449
成都黄金时代城,永丰路20号 ,0
成都虹都水岸,虹口乡高原村 ,0
成都翰城国际,大邑大道199号(大邑中学旁) ,0
成都宏城公寓,盛隆街5号 ,0
成都浣花逸景别墅,浣花北路9号 ,10851
成都恒昌锦绣中华,崇州市江源路 ,0
成都浣花丽水,百花西路 ,0
成都浣花居,科联路9号 ,25219
成都恒信花园,绵阳市富乐山下李杜祠旁 ,0
成都荷花庭园,人民北路与肖家村交汇处 ,0
成都花溪温泉,花水湾温泉度假区杨家山上 ,7755
成都汇发摩尔,东御街 ,0
成都恒宾园,大石西路18号 ,21872
成都福缘小区,石油大学背后 ,0
成都富泽苑,华阳街道富民路一段 ,0
成都枫瑞苑,成都市成华区建设南路98号 ,0
成都芳业翠苑,双流县安福街70号 ,4957
成都凤凰公寓,解放北路6号 ,0
成都福泽苑,富民路一段289号 ,0
成都府河小区,熊家桥140号 ,6673
成都府青路二段4号新24号,府青路二段4号新24号 ,0
成都风景苑,牛市口，东恒国际对面 ,0
成都观景台,五丁路6号 ,0
成都国学巷60号,国学巷60号 ,0
成都光明苑,牛王庙后街28号 ,0
成都国税局宿舍,下同仁路126号 ,4476
成都供电局宿舍,一环路东四段6号 ,0
成都桂花巷42号院,桂花巷42号 ,10004
成都桂景花城,宝光大道南段500号 ,3618
成都光荣西路31号院,光荣西路31号 ,0
成都高攀西巷5号院,高攀西巷5号 ,9304
成都观景苑,安公路二段398号 ,3921
成都桂花巷19号院,桂花巷19号 ,9051
成都光明巷小区,青羊区光明巷 ,0
成都光华街小区,锦江新光华街 ,0
成都桂花园,江安路桂花园58弄 ,75236
成都高发大厦,高新区高新区九兴大道6号 ,0
成都富河园,解放北路202号 ,0
成都花龙门小区,武青北路23号 ,0
成都华城大厦,一环路南三段49号 ,0
成都花涧青城,都江堰安龙镇花卉街 ,0
成都红牌楼商业城别墅,红牌楼商业城 ,0
成都湖滨1号,眉山市东坡区湖滨路(岷江东湖饭店对面) ,0
成都华文苑,华阳正西街128 ,0
成都和顺天地,西安路四段29号 ,5991
成都泓坊河畔,滨河街道滨河路195号 ,5995
成都汇锦苑,华西医大附一院旁 ,0
成都汇缘阁,二环路南一段3号 ,0
成都广汇城市花园,内江市东兴区三号路666号 ,0
成都光华国际,温江仁和路188号 ,6565
成都国祥园,绵阳市宇虹北街31号 ,0
成都古馨苑,成都市武侯大道258号 ,0
成都国安上郡,郫县望丛中路 ,0
成都橄榄园二期,肖家河沿街2号 ,0
成都高升瑞景,一环路南四段17号（好又多高升桥店旁） ,0
成都国土资源厅宿舍,百卉路3号（近浣花溪公园） ,0
成都国色天乡,天乡路二段88号 ,11831
成都格莱美空间,青石桥中街8号 ,0
成都港基叠香庄园,学院路东段600号（四川音乐学院旁） ,6290
成都高升桥北街2号院,高升桥北街2号 ,8767
成都供电局家属院,新鸿南支路5号 ,6259
成都钱隆天下,双林路228号 ,0
成都富城花园,电子路550号 ,3807
成都府青巷6号小区,东二环府青立交原刃具厂二环路东一段1 ,0
成都富丽花园,站北富康街25号 ,0
成都法院家属院,温江凤溪大道 ,3480
成都富成苑,营兴街47号 ,0
成都枫尚领域,二环康兮路中段 ,4380
成都肥猪市街55号,城南一环内华西医院浆洗街小天锦里华西 ,0
成都丰苑A栋,永盛南街 ,0
成都福林公寓,星辉西路16号 ,0
成都福建巷小区,青羊区玉龙街福建巷 ,0
成都府青路二段3号,成华区档案管旁 ,0
成都公交公司宿舍,金鱼街9号（近营门口立交） ,0
成都广厦街,内双楠广厦街 ,0
成都国信广场,八宝街88号 ,0
成都光明小区,成都北路1037弄3-23号 ,7885
成都桂馨苑,一环路南二段6号附3号 ,5923
成都高宇滨水国际,滨江路中段159号 ,4641
成都工农院街89号院,工农院街89号 ,0
成都高升小区,广福桥街32号 ,0
成都广场花园,团结镇广场花园 ,0
成都广都花园,华兴中街156号 ,5719
成都国泰现代之窗二期,人民南路一段97号 ,0
成都冠城国际商务公寓,锦里西路 ,0
成都国泰现代之窗,青羊人民南路一段97号 ,11028
成都福华苑,文庙西街123号 ,0
成都凤凰台,华阳正北街188号 ,0
成都富豪家苑,白河路三段32号 ,4796
成都二环路北二段241号院,二环路北二段241号 ,9347
成都二环路东二段,二环路东二段 ,0
成都二环西三段181号院,二环西三段181号 ,0
成都二环路西一段15号院,二环路西一段15号 ,8416
成都二环路西三段91号院,二环路西三段91号 ,0
成都二环路西二段119号院,二环路西二段119号 ,8320
成都二环路西一段123号院,二环路西一段123号 ,0
成都地质勘查院宿舍,地勘路4号（近成都四十九中） ,0
成都橄榄苑,浆洗街5号 ,0
成都观邸一期,锦里西路78号 ,0
成都福心苑,东安南街 ,0
成都梵谷源,道明镇街安路旁 ,4340
成都富地名城,文昌路156号 ,0
成都芳邻,芳邻路4号（百花潭公园旁） ,0
成都福生上层豪庭,滨江路B段（近县中医院） ,2748
成都府青丽舍,一环路北四段164号 ,0
成都府河丽景,紧邻华侨城欢乐谷和府河上游 ,0
成都府河月香俊苑,万福桥 ,0
成都凤凰里,太平街446号 ,4384
成都钓鱼台爱丁堡,泸州百子图文化长廊钓鱼台 ,0
成都电子科大宿舍区,九里堤北路15号 ,0
成都电子十所第三生活区,金牛坝路8号 ,7203
成都电业小区,宜宾戎州路西段 ,0
成都帝景名苑,资阳市娇子大道体育馆旁 ,0
成都德坤海地亚,温江区春江南路8号 ,0
成都东全赢家,顺城街27号 ,10575
成都都江堰玉垒名居,都江堰市观景路678号 ,0
成都东域龙湾,龙工南路（柏合区政府旁500米处） ,11133
成都东贸商居,步行街 ,0
成都地奥公寓,元通二巷二号 ,0
成都道孚干休所,双流三强东路三段9号 ,4706
成都大王钰城,东较场街93号（长城锦苑旁） ,0
成都大石南路39号院,大石南路39号 ,8211
成都堤亚纳河谷,新都区蜀龙大道侧三原外语学校旁 ,4560
成都东篱民苑,东篱路103号 ,0
成都东桂电梯公寓,海椒市街15号 ,0
成都东方逸景,龙舟路东巷30号 ,0
成都东篱路10号社区,东篱路10号 ,0
成都东校场街1号院,锦江  盐市口 ,0
成都大悲巷小区,簧门街大悲巷42号 ,0
成都电力勘察设计院小区,紫东正街52号 ,9199
成都德慧公寓,芳邻路6号 ,0
成都杜甫草堂,青羊浣花南路5号 ,0
成都龙域都市兰亭,红阳路（成绵高速出口300米处，国税局斜对面） ,0
成都东圣苑,二仙桥北二路4号 ,6752
成都电力大厦,广都大道60号 ,0
成都电子科大南院,建设北路二段5号 ,0
成都东福苑,一环路东北段279号 ,4341
成都电力局家属院郫县,南大街274号 ,0
成都德华苑,都江堰聚兴大道 ,1900
成都东风新城,锦江区牛市口 ,0
成都地矿人家,成灌西路45号 ,2786
成都大湾学府雅园,华金大道三段61号 ,3548
成都大田坎街小区,大田坎街91号 ,0
成都电力机械厂宿舍,新马路1号 ,8113
成都东顺成南街55号院,锦江区东顺成南街55号 ,0
成都大慈寺路4号院,大慈寺路4号 ,21993
成都东株市街小区,东株市街 ,0
成都电子科大教师宿舍,二环路东一段 ,0
成都大石东一巷,一环路西一段11号 ,0
成都电力宿舍,城中一环内大慈寺路 ,0
成都东花苑,九茹村1号（近好又多） ,0
成都大陆锦江华庭,成华区猛追湾 ,22408
成都传化国际新城,大件路（万科双水岸旁） ,4933
成都电业局宿舍,福字街18号（北顺城街附近） ,0
成都电视设备厂宿舍,创业路9号 ,0
成都东方电气宿舍,晋阳路116号 ,6869
成都东风渠,华油路175号 ,0
成都东南苑,二环路东五段222号 ,0
成都电信宿舍,猛追湾南街 ,0
成都东篱路122号小区,东篱路122号 ,0
成都翠庭山庄,内江市东兴区八号路 ,0
成都长江现代城,泸州市南城滨江路四段七号 ,0
成都川旅厂宿舍,解放路一段平福巷6号 ,10936
成都长城苑,九里堤南路89号 ,0
成都成华东方丽景,桃蹊路187号 ,9155
成都朝阳小区,中和镇朝阳路488号 ,0
成都川投宿舍,南府街 ,0
成都城建局宿舍,新都区桂湖东路 ,0
成都常乐小区,锦华路四段148号 ,3812
成都成都玉园,玉林5巷附2号 ,8274
成都城南人家,正北街 ,0
成都草金东路社区,草金东路 ,0
成都大宅门,芙蓉古城 ,0
成都地震局宿舍,人民南路三段31号 ,6142
成都东湖名居,金地路与繁清路交界处 ,8730
成都都之都商业广场,都江堰都江堰天乙街公园路口 ,0
成都都汇国际,东大街 ,0
成都大世界商务公寓,紫竹北街85号 ,0
成都春禧大厦,大科甲巷3号 ,0
成都成都高速大厦,洗面桥街30号 ,8345
成都成科路2号院,成科路2号（美领事馆美食区附近） ,9013
成都晨苑小区,南兴巷36号 ,3606
成都长荣苑,长青路112号 ,0
成都成都血液中心小区,玉洁东街3号 ,0
成都成都金马国际体育城中央生活区,金马镇 ,0
成都春江阁,锦里滨河路1号（近百花潭公园） ,9888
成都沱江丽苑,群兴路258号 ,0
成都水色时光金牛,黄苑东街15号 ,8485
成都成都339,猛追湾街94号 ,0
成都簇桥小区,武侯大道簇桥小区 ,3833
成都长寿路8号,长寿路8号（临肿瘤医院） ,8290
成都长荣路2号,城南武侯区桂溪公交站附近长荣路2号 ,0
成都电池厂宿舍,海椒市7号 ,5854
成都都江森林别墅,香雪海路83号 ,0
成都都市豪庭,西街电影院对面 ,0
成都都江森邻,新发南路110号 ,3652
成都帝景花园,长安路295号 ,0
成都都市金座,致民路31号 ,11269
成都东润生活都会,一环路东四段成龙大道静居寺路旁 ,0
成都东方苑,陆家浜路1060弄 ,7432
成都都市美丽风景,彩虹大道（堰华路旁） ,3824
成都都仕闲庭,桂王桥南街5号 ,0
成都都江堰花木城,青城前山附近 ,0
成都东湖御景,新繁镇高墙村 ,8636
成都第5大道二期,建设路 ,0
成都第V大道,富民路68号 ,0
成都成仁路社区,成仁路万达广场旁边 ,0
成都成科路7号院,成科路7号（美领馆对面） ,8803
成都川音幼师教师宿舍,致民路 ,0
成都成药四厂宿舍,合江亭音乐广场 ,0
成都翠湖印象,德阳市旌阳区翠湖街38号珠江桥畔翠湖花园侧 ,0
成都川棉厂宿舍,小龙桥路81号 ,0
成都成华区街道办宿舍,建设南街12号附2号 ,10321
成都出版局宿舍,金牛区西安路 ,0
成都成华区财政局宿舍,猛追湾街4号 ,9077
成都萃峰境邸,南二路与天缘路交汇处 ,0
成都城南小户,南三环庆安社区（原新北五期）新雅正街12号 ,0
成都长久一巷社区,交大路长庆东路长久一巷 ,0
成都草堂东路65号院,草堂东路65号 ,10427
成都成大附中宿舍,三友路137号 ,0
成都长庆路,九里堤公交站旁长庆路 ,7688
成都叠翠城,新开街20号 ,0
成都都鹏花园,观景楼 ,5620
成都都崇小区,崇义镇（崇义中学旁） ,0
成都都江堰花园,花园商业步行街 ,5379
成都东城佳苑,二环路东三段狮子楼大酒店斜对面二环路内侧 ,0
成都晨光春华 春熙苑,建设北路三段 ,0
成都成缸小区,宝光大道665号 ,0
成都博济苑,十二南街1号 ,0
成都晨明滨江金座,南台路8号（七斗星酒店附近） ,10084
成都城市花园,锦江城市花园 ,0
成都城市星座,郫筒镇江西街 ,0
成都春晓华庭,永安中路88号 ,3278
成都城建双城,公平镇 ,0
成都城南汇景苑,华西医大附一院旁 ,0
成都财富欧罗巴,光华大道西沿线温江新城区A段 ,0
成都昌兴和顺苑,中和街道中柏路 ,0
成都春禧前景,耿家巷18-32号红石柱横街11-25号 ,0
成都成都国际公寓,滨江东路103-119号\大安正街11-60号 ,10253
成都八里小区新华苑,二仙桥南一路1号 ,8008
成都保平小区,龙平路503号 ,3703
成都百悦天鹅湖,金旗大道中段 ,0
成都碧湖园,青城山高尔夫山庄内 ,14833
成都白鹤庭院,长冶路三段161号 ,4199
成都宝来桥小区,泸州宝来桥 ,0
成都百卉苑,百卉路11号 ,15357
成都倍特金晖苑,青羊青羊区红墙巷24号 ,0
成都白家苑,白家镇羊双路60号 ,3265
成都柏林小区,成都龙泉驿区燃灯寺路88号 ,8499
成都滨江国际广场,锦兴路1号 ,10584
成都百丽大厦,武侯高升桥洗面桥街1号 ,0
成都半岛花园,神仙树南路55号 ,8293
成都包江小区,琉璃场锦兴路三段 ,7404
成都北新苑,双林中横路4号 ,0
成都博闻八里锦汇,八里小区桃林街3号 ,0
成都碧林香堤,郫县清江二街188号 ,3641
成都百家雅苑,航空港百家镇百家中学对面 ,4850
成都百花竹苑,青羊上街125号 ,0
成都缤纷时代广场,兴乐北路88号(香城中学旁） ,6185
成都保利拉斐庄园,北三环路蜀龙路 ,22852
成都斑竹园,斑竹园镇 ,7925
成都博客新时代,兴窿街6号 ,10470
成都博傲大厦,浆洗街1号 ,0
成都奔腾年代,一环路玉林小区 ,0
成都碧水锦楼,南丰大道 ,0
成都碧茗苑,新发南路130号 ,6301
成都奥克斯(AUX)广场,民丰大道西段(地铁1号线孵化园站、新市政府旁) ,0
成都安居里小区,宜宾商贸路 ,0
成都安居苑华阳,华阳富民路一段321号 ,5893
成都澳乡二期,忠诚路29号 ,8588
成都安装公司宿舍,菊乐路122号 ,8414
成都安蓉路社区,城西2.5环金牛区营康西路一品天下 ,7664
成都爱宜苑,鸣翠路5号（鸣翠路与清江东路交界处） ,0
成都北新街58号院,北新街58号 ,8940
成都百寿路5号院,一环路百寿路5号 ,9323
成都碧水苑,郫县国宁西路330号 ,18017
成都倍特康派,"青龙街,八宝街人民公园 ",0
成都百卉路社区,百卉路 ,9720
成都倍特物业,玉林南路5号 ,8447
成都蓓蕾中巷,城南二环芳草蓓蕾中巷1号 ,8977
成都百寿路2号院,百寿路2号 ,9416
成都北站东二路,火车北站东二路 ,9059
成都百花西路单位宿舍,百花西路25号 ,9619
成都保险公司宿舍,惜字宫南街5号 ,9593
成都保利石象湖,石象湖（G5京昆高速出口） ,8163
成都巴黎岛,成都八宝街口新城市广 ,9037
成都爱舍尔花园,大安西路54-58号 ,0
成都814厂家属区,温江天府街（近中医药大学温江校区） ,3320
成都8号公馆,光华大道三段南侧（成都七中前行800米） ,5724
成都611所家属区,武侯祠大街89号 ,10853
成都402地质家属生活区,郫县成灌西路外侧 ,3484
成都420厂宿舍,双桥子南4街 ,0
成都38信箱宿舍,建设西街6号 ,0
成都35宿舍,建设南路 ,9057
成都268厂家属区,蜀龙大道龙家湾 ,4465
成都29所宿舍,营康西路489号 ,7666
成都庄森大厦,青羊东胜街8号 ,0
成都紫晶苑,孙农路398弄 ,0
成都昭青怡园,昭觉寺昭青路 ,6541
成都北顺苑,净居寺路10号 ,0
成都博客公社,红星路南延线 ,8150
成都百花公寓,双元街175号 ,0
成都碧城旺丽庄园,天府东路南侧 ,0
成都正熙国际,红星路三段16号 ,0
成都赞元茗居,柳城大道3号 ,0
成都正成商越,青羊北大街成都（省）政务服务中心对面 ,0
成都玉林沙子堰西巷,玉林沙子堰西巷 ,8531
成都棕南戊区,棕南西街1号 ,0
成都阳光嘉苑,一环路北四段25号 ,0
成都银通苑,东篱路53号 ,0
成都银杏地带,桂王桥西街66号 ,0
成都圆梦苑,肖家河街154号 ,0
成都优派,茶店子路377号 ,8687
成都艺家,蜀通街29号 ,0
成都玉林芳华,芳草街6号 ,0
成都怡和水岸,建设路2号 ,8785
成都犀池苑,恒山南街35号 ,0
成都兴彩苑,人民南路四段50号 ,0
成都西藏邮苑,蜀明东路2号 ,0
成都香榭友邻,环城路二段 ,3324
成都西城苑,铭章路18号 ,3456
成都新潮宿舍,新鸿路251号 ,0
成都小康人家,牛沙路19号 ,9797
成都旭阳国际,武侯二环路西一段8号 ,0
成都自由天地,红星路二段120号 ,0
成都站北小区,站北西/东一路 ,0
成都中医研究院宿舍,人民南路四段51号 ,0
成都棕北公寓,领事馆路12号 ,0
成都助邦公寓,观音阁前街4号 ,0
成都中华家园,青羊大道（行政干部管理学院南侧） ,13765
成都阳光小筑,郫县红光镇合兴路 ,5023
成都阳光欣苑,前锋路6号 ,0
成都瑜亭苑,新都区黄角树广场附近瑜亭巷 ,4504
成都云庭苑,星科路1号 ,8209
成都新柳苑,金房苑南路8号 ,0
成都新开寺街28号,新开寺街28号 ,9462
成都新鸿路建行宿舍,新鸿路77号 ,8807
成都熙和雅居,武阳大道千盛百货对面 ,7426
成都小天芳苑,小天西街5号 ,8799
成都兴蓉西巷一号,兴蓉西巷一号 ,9631
成都西马棚街38号院,西马棚街38号 ,9081
成都新能巷小区,新能巷1号-4号 ,0
成都冶金地质家属院,郫县新城行政中心旁 ,4496
成都玉龙村金竹苑,郫县恒山南街312号 ,5101
成都一环路东二段社区,一环路东二段 ,8632
成都玉林祥和苑,芳华街23号 ,0
成都永丰路12号院,永丰路12号 ,8799
成都玉双路110号社区,玉双路110号 ,8368
成都玉龙花园,望丛中路648号 ,4109
成都亚光小区,建设南二路1号 ,9017
成都银沙路40号院,营门口沙湾交大银沙路40号 ,8030
成都永丰大厦,武侯永丰路52号 ,0
成都玉龙大厦,大连西路253弄1-2号 ,0
成都一环路北四段小区,一环路北四段 ,0
成都元通一巷11号小区,元通一巷11号紫荆电影城附近 ,8351
成都兴蓉公寓,高升桥东路7号 ,0
成都西玉龙街小区,西玉龙街 ,9664
成都馨碧苑,八里桥路245号 ,0
成都西藏军区宿舍,龙江路28号 ,0
成都小天北街4号院,小天北街4号 ,9331
成都洗面桥横街,高升桥武侯祠 ,8896
成都桃蹊庭苑,成华区八里小区双建路 ,7596
成都洗面桥宿舍,洗面桥横街 ,9723
成都西南交大社区,西南交大交大路 ,8043
成都新光花园,新光路68号 ,0
成都肖家河西一巷小区,肖家河西一巷4号/6号 ,0
成都小南街社区,人民公园小南街 ,9847
成都小天东巷社区,小天东巷 ,9127
成都新锦江公寓,临江西路9号 ,0
成都西汽国际唯驿,佳灵路53号 ,0
成都馨康花园,新下街128号 ,6957
成都银沙正街70号,城西二环路营门口金牛区银沙正街70号 ,9347
成都运生苑,营门口路251号 ,0
成都一环路南二段6号,一环路南二段6号 ,10141
成都永丰路社区,永丰立交桥侧 ,10907
成都玉洁巷12号院,玉洁巷12号 ,8663
成都玉锦苑,中道街26号 ,0
成都天涯石北街小区,天涯石北街 ,0
成都泰苑大厦,一环路北一段111号 ,0
成都泰来小区,八里桥路231号 ,0
成都天然居,二仙桥南一路新20号 ,0
成都省公安局宿舍,人民南路四段40号 ,0
成都蜀源大厦,东升街89号 ,0
成都圣安卓花园二期,桐梓林南路8号 ,0
成都双流铁路局宿舍,双流县东升镇棠中路二段85号 ,4946
成都双祥社区,大源北一街25号 ,0
成都上池正街小区,青羊区上池正街11号 ,0
成都新少城,蜀华街65号 ,12904
成都新天地,蜀汉路424号 ,0
成都维多利亚国际社区,酒城大道 ,9568
成都武侯国土局宿舍,一环南三段祥和巷6号 ,0
成都望江锦苑,马家沟9号（望江宾馆旁） ,0
成都王家巷16号院,王家巷16号 ,8390
成都文化路小区,文化路1-100号 ,0
成都蜀兴苑,蜀蓉路118号 ,0
成都润茂·成都国际酒店用品城,三河场花园社区 ,0
成都石油小区,北泉路535号 ,5782
成都三电宿舍,锦江区宏济新路4号 ,0
成都@世界,武侯成都市武侯区人民南路二段 ,22407
成都石油路社区,石油路9号 ,8618
成都输气技校,华阳通济桥街 ,6620
成都双华苑,通济巷15号 ,5050
成都省邮政局宿舍,燃灯寺北街63号 ,8306
成都省社科院小区,一环路西一段155号 ,10766
成都石牛小区,望丛西路410号 ,3892
成都少城公寓,上同仁路63号 ,0
成都武成大街12号院,武成大街12号 ,10962
成都武侯区政府第三生活区,高升桥南街3号 ,8136
成都万年场下街小区,万年场下街 ,0
成都武侯小区,武侯大道双楠段389号 ,0
成都望江东竹苑,莲桂南路19号 ,0
成都维达北苑,解放路一段110号 ,0
成都铁佛新居,簇桥武侯大道与锦福路一段间 ,5515
成都天亿大厦,武侯武侯区浆洗街27号附9号 ,0
成都同善桥街社区,青羊区同善桥街 ,7711
成都筒车巷5号院,筒车巷5号（新华大道与筒车巷交汇处附近） ,11324
成都体院教师楼,菊乐路12号 ,8520
成都天鑫花园东区,银河路2号（西南交通大学附近） ,8768
成都同顺公寓,实业街28号 ,0
成都南阳小区,恒山南路208号 ,0
成都石油园,府青路19号 ,0
成都双桥路171号院,双桥路171号 ,8452
成都省丝绸公司宿舍,鼓楼北三街63号 ,9656
成都双林北横街129号院,双林北横街129号 ,9292
成都市政府宿舍,羊市街市政府宿舍 ,8133
成都双楠万福苑,广福路1号 ,7321
成都省气象局宿舍,光华村街20号 ,0
成都瑞康园,育仁东路19号 ,6891
成都荣馨西苑,草堂北支路5号 ,0
成都人民苑,步坝子街121号 ,0
成都仁和逸景,营门口路 ,9058
成都燃灯寺西北街36号,燃灯寺西北街36号 ,8317
成都仁和苑,60号 ,0
成都人保大厦,东御街55号－223号 ,0
成都骑龙小区,迎宾大道 ,0
成都全鑫苑,人和世家斜对面 ,5618
成都群康路2号院,群康路2号（近西南财大） ,8496
成都青莲下街56号院,青莲下街56号 ,9272
成都七道堰街33号院,七道堰街33号 ,8000
成都青羊上街185号院,青羊上街185号 ,36640
成都庆云北街21号院,庆云北街21号 ,9349
成都盛隆街3号,盛隆街3号民航宿舍 ,9997
成都上同仁路39号院,上同仁路39号 ,8020
成都尚品优空间,城西蜀汉路一品天下地铁二号沿线 ,8785
成都双清南路4号,双清南路4号 ,7702
成都少陵路205号,少陵路205号 ,8746
成都胜利公寓,大学路76号 ,0
成都守经街6号院,守经街6号（近万和广场） ,9700
成都省医院宿舍,清江东路5号 ,0
成都石人南街18号院,石人南街18号 ,9031
成都棉麻公司宿舍,白丝街38号 ,0
成都民乐园,晋康街289号 ,0
成都马鞍南苑,马鞍南街87号 ,8331
成都牧电路10号院,牧电路10号 ,9821
成都MINI小筑,鼓楼北二街58号 ,0
成都牧电路小区,牧电路 ,0
成都米市坝61号院,米市坝61号 ,9663
成都煤气公司宿舍,水碾河 ,8393
成都龙泉驿林业局宿舍,建设路125号 ,4962
成都帘官公所街小区,帘官公所57号 ,0
成都龙池新居,九江镇周家场街上 ,0
成都黎明小区,鲸龙路928号（龙泉第一中学对面） ,3968
成都龙锦雅苑,华彩路16号（鹤林小区旁） ,0
成都双桥路南三街小区,双桥路南三街 ,8258
成都四川省农业科学研究院,净居寺路20号 ,0
成都胜利路社区,胜利路，新南门 ,9924
成都沙湾路29号院,沙湾路29号 ,9596
成都水碾河北三街,水碾河蜀都大道 ,7490
成都水碾河北二街,水碾河蜀都大道成成都饭店一二环 ,7640
成都双桥路南四街,双桥路新华公园新华医院一二环 ,8426
成都青春岛社区,玉林南路13号 ,8985
成都清溪西路社区,西北二三环峨眉山大酒店附近 ,7557
成都群康路50号,青羊群康路50号 ,0
成都鹏宇大厦,太升北路11号 ,0
成都郫县北大街小区,郫县北大街347号 ,4024
成都平福巷6号院,平福巷6号 ,9305
成都普生大厦,锦江锦江区一环东四段10号 ,0
成都普利大厦,一环路南一段13号 ,0
成都南丰花园,南丰大道 ,0
成都牛王庙巷23号院,牛王庙巷23号 ,8819
成都南极星,金仙桥24号 ,8019
成都年丰巷53院,年丰巷53号 ,9847
成都南洋小区,电子科大府青立交一环路东三段 ,9224
成都南锦公寓,芳华街51号 ,0
成都抗研所宿舍,沙板桥路7号 ,9779
成都江信大厦,太升北路56号 ,0
成都利民巷邮电新村,利民巷4号 ,8506
成都蓝光大厦,东大街59号 ,0
成都蓝天路2号院,玉林蓝天路2号 ,7713
成都龙舟南路15号院,龙舟南路15号 ,7878
成都莲花小区南二巷小区,莲花小区南二巷2号 ,9275
成都雷剑公寓,安居街88号 ,0
成都省委党校宿舍,光华村街43号 ,0
成都沙子堰西巷6号院,玉林西路沙子堰西巷6号 ,8594
成都四川音乐学院宿舍,新生路5号附25号 ,8654
成都省建六公司宿舍,二环路东二段10号 ,0
成都沙子堰西巷社区,沙子堰西巷 ,8450
成都省科协宿舍,人民南路四段11号 ,0
成都蜀通街10号院,蜀通街10号 ,8768
成都上翔街28号院,上翔街32号 ,9365
成都四河小区,天府大道1000号 ,4349
成都三益公,锦江春熙路北段新街后巷子10号 ,0
成都南洋商厦,一环路府青路东一段257号 ,0
成都科院街小区,科院街3-6号 ,0
成都科华南苑二期,科华中路 ,8997
成都锦江时代花园,青羊锦里西路107号 ,0
成都京虹苑,二环路东一段27号 ,0
成都吉春苑,吉福南路292号 ,0
成都劲松花园,天府大道华阳段 ,2843
成都九眼桥电冶厂小区,宏济新路15号 ,8542
成都金福苑,站北北街121号 ,0
成都晋阳社区,晋平街20号 ,0
成都嘉恒商寓,内曹家巷6号 ,0
成都景泰公寓,猛追湾街68号 ,0
成都锦贸大厦,锦江春熙路北新街王府井 ,0
成都锦泰公寓,一环路东三段78号 ,0
成都江东民居四期,莲桂西路80号 ,0
成都金泉小区,金泉街48号 ,0
成都金谷园,漕溪路125弄 ,7075
成都锦昌苑,燃灯寺路56号 ,0
成都金璐天下Ⅱ峰汇,金牛茶店子西街金牛公园对面 ,0
成都火车南站东路小区,火车南站东路17号 ,0
成都林业局宿舍,金琴路28号 ,0
成都罗家碾街85号院,罗家碾街85号 ,8842
成都林家坡,陈家巷149号 ,10587
成都龙王庙南街19号院,龙王庙南街19号省政府春熙路附近 ,11862
成都临江路8号院,临江路8号（大学路旁） ,11785
成都龙腾花园,龙腾中路10号 ,0
成都莲花新三区,莲花北路91号 ,0
成都石油广都小区,广都中街199号 ,0
成都石油公司单位宿舍,红星路 ,8708
成都沙湾北区商寓,交大路101号 ,0
成都双华路社区,双华路3号（新华公园对面） ,8322
成都世都大厦,北新街58号 ,0
成都假肢厂宿舍,龙江路26号 ,0
成都金秋家园,华阳大道四段68号 ,0
成都金沙路127号院,金沙路127号 ,6781
成都菊乐路122号院,菊乐路122号 ,7876
成都金陵路小区,武侯区金陵路（金陵横路） ,9009
成都金沙北二路4号院,金沙北二路4号 ,8021
成都金鱼街5号院,金鱼街5号 ,8190
成都金琴路14号,金琴路14号 ,9145
成都金沙春,青羊区清江中路53、55号 ,0
成都金宇大厦,一环路北一段16号 ,0
成都解甲园,青羊大道8号 ,0
成都交桂巷8号院,二环路营门口附近交大路交桂巷8号 ,8468
成都共和路,新光路64号 ,9542
成都君怡苑,柳春路88号（鱼凫路旁） ,0
成都金鹏雅居,解放路一段平福巷北 ,8357
成都吉祥大厦,上南大街49号 ,0
成都恒创广场,郫县东大街 恒创.太平洋旁 ,0
成都航天佳苑,培中路85号 ,0
成都红布正街小区,红布正街11号 ,0
成都红瓦二期,红瓦街80号 ,4917
成都海桐小区,海桐路68弄 ,5892
成都红墙巷24号院,红墙巷24号 ,9358
成都红枫别苑,友爱镇清河村 ,0
成都鸿盛花园,仁和街90号 ,2899
成都恒森朗晴居,大庆路70号 ,9942
成都海椒市街60号院,海椒市街60号 ,8845
成都槐树街社区,永陵路槐树街 ,8345
成都火车南站西路小区,火车南站西路6号 ,0
成都后沙湾,光荣北路86号 ,9624
成都海椒市街12号院,海椒市街12号 ,8589
成都和苑,玉林横街19号 ,0
成都黄金洲公寓,水碾河北3街 ,0
成都和风楼,大慈寺路66号 ,0
成都会龙之春,会龙大道 ,0
成都丽舍滨江,上池正街41号 ,0
成都林江新苑,犀安路1号 ,0
成都科华中路新10号院,科华中路新10号 ,7318
成都金竹苑D区,元通二巷10号 ,0
成都嘉好怡苑,西屠场街14号（上同仁街附近） ,8381
成都金荣巷小区,金荣巷7号 ,0
成都锦东路社区,锦东路(蜀都花园后门) ,9624
成都经典社区,悦来街98号 ,0
成都锦天广场,锦江太升南路288号(太升南路与新华大道德 ,0
成都静居寺南街198号院,静居寺南街198号 ,7560
成都菽香里小区,新鸿路菽香里 ,8322
成都鼓楼北三街32号院,鼓楼北三街32号 ,8514
成都国航世纪中心,航空路1号 ,17626
成都光荣小区,光荣北路77号 ,0
成都郭家桥南街4号院,郭家桥南街4号 ,8768
成都芙蓉小区,郫县恒山北街61号 ,5847
成都富民苑,富民路一段197号 ,5054
成都抚琴北一巷小区,抚琴西路抚琴北一巷 ,0
成都大石西路5号院,大石西路5号 ,8765
成都和美家园,成都市双流县中和大道66号 ,4403
成都会龙小区,会龙路266号 ,0
成都恒德路小区,恒德路10-12号 ,0
成都华欣园,马鞍西路7号（华西园旁边） ,0
成都红波苑,二环东二段5号 ,0
成都华阳运输公司商住楼,正东上街2号 ,0
成都红瓦一期,郫县望丛中路东大街 ,4820
成都红花东路68号院,红花东路68号 ,8877
成都华诚大厦,一环路南三段49号 ,0
成都红牌楼汽配城,高升桥路20号 ,9433
成都槐树街51号院,槐树街51号 ,9418
成都浣花北路16号院,浣花北路16号 ,8007
成都成都电力局宿舍,锦江区红布正街9号 ,9864
成都致祥路小区,致祥路 ,0
成都鹤舞青城,彩虹大道南段二环路银河大桥 ,3664
成都华敏翰尊国际,福兴街1号 ,0
成都管家酒店,双林南支路10号 ,0
成都广益小区,华阳大道一段203号 ,0
成都鼓楼南街100号院,鼓楼南街100号 ,9583
成都歌舞剧院宿舍,西大街97号 ,9577
成都共和路新2号院,共和路新2号 ,9638
成都国光小区,建设巷11号 ,0
成都高升公寓,一环路西一段6号 ,0
成都府青苑,府青路二段1号 ,0
成都芳草街新源巷社区,城南一环路南三段玉林芳草街 ,7615
成都福字街1号院,东风大桥福字街1号 ,9190
成都丰苑,永盛南街5号 ,0
成都府青路一段34号院,府青路一段34号 ,8408
成都富华苑,忠烈祠东街50号 ,0
成都福星苑,中道街157号 ,0
成都凤栖桐,饮马河街7号 ,0
成都东润风景B区,静居寺路135号 ,9180
成都东光南二巷,东光南二巷 ,7542
成都东糠市街3号院,东糠市街3号 ,10356
成都灯笼街142号院,灯笼街142号 ,9155
成都东顺苑,东顺城中街大慈寺4号 ,7634
成都东海花园,东顺城南街53号 ,0
成都大石西路60号院,大石西路60号 ,8341
成都大石东路社区,一环路西一段11号 ,0
成都电子科大东苑,成华踏水桥北街18号 ,0
成都电信公寓,龙江路16号 ,8613
成都德政苑,高升桥东路11号 ,0
成都东华苑,小天北街16号 ,0
成都东城拐下街20号院,东城拐下街20号 ,6817
成都成勘院,华油路175号 ,0
成都川锋苑,桃蹊路253号 ,8122
成都川大农林村,望江路93号 ,0
成都财经商住楼,双清南路6号 ,0
成都川信公寓,下莲池街14号 ,0
成都城市阳光,洗面桥街22号 ,0
成都白鹤小区,龙泉驿区洪河大道川师东校区旁 ,0
成都百花福园,百花正街65号 ,0
成都百花西街1号院,百花西街1号 ,8257
成都百花正街42号院,百花正街42号 ,9679
成都包家巷123号院,包家巷123号 ,9009
成都白云小区,高攀路60号 ,6754
成都边防部队宿舍,人民南路四段 ,7574
成都中德英伦联邦,南延线天府大道中段 ,0
成都正因小区,新都大道 ,3479
成都棕南华苑,竹市巷8号（竹市巷与中街交界处） ,5572
成都中和政府大院,中和镇中柏路95号 ,7291
成都棕树北街1号,人民南路四段航空路8号 ,8554
成都致富苑,华阳富明路2段 ,5780
成都中冶堰景,彩虹大道北段348号 ,4196
成都芷泉公寓,芷泉街31号 ,0
成都中央花园城市别墅,武阳大道288号 ,11661
成都昭青怡苑,昭青路28号 ,0
成都工程机械厂宿舍,海椒市东四街林家坡 ,0
成都公行道,川西医院宿舍 ,8974
成都桂花巷40号,长顺街 ,10150
成都工农院街82号院,工农院街82号 ,8281
成都光华商务公寓,花牌坊街70号 ,0
成都广旺大厦,清江东路大庆路成温立交草堂 ,7031
成都光华村街社区,青羊区光华村 ,10333
成都营中巷32号院,营中巷32号 ,8764
成都云祥远景,永盛东街 ,7094
成都府南新区,清溪南街5号 ,7995
成都FM365,东二环内 ,9814
成都二环路东四段134号院,二环路东四段134号 ,8501
成都二环路北一段203号,二环路北一段203号 ,7629
成都大同上郡,春乡街88、89号 ,3165
成都东景苑,建设北路三段414号 ,0
成都电焊机研究所宿舍,二环路东1段29号附17 ,0
成都东辰苑,龙舟南路18号 ,0
成都东方时代商城,锦江东大街18-32号 ,0
成都电子高专教师公寓,花牌坊街6号 ,0
成都电子大厦,大慈寺路79号 ,0
成都东府花园,中和镇华路街42号 ,5108
成都东安南路小区,东安南路17号 ,0
成都东升苑,外东槐树店37号 ,7728
成都大发百度城,岳府街2号（梓潼桥北街与岳府街交界处） ,0
成都东景丽舍,中和大道二段31号 ,6885
成都菜蔬新居,华新下街 ,0
成都长征大院,凤溪大道中段86号 ,0
成都城市之心,人民南路一段86号 ,0
成都成信家园,成都信息工程学院旁学府路 ,0
成都川师大教师宿舍,静安路5号 ,6131
成都茶店子农行宿舍,茶店子东街103号 ,0
成都长城花园,九里堤南路50号 ,0
成都朝阳丽景,朝阳路360号 ,0
成都八里小区教师苑,文德路1号（新风路与文德路交界处） ,7927
成都百扬大厦,东御街与人民南路交汇处（天府广场以南，人民南路以东） ,0
成都碧云路,高升桥路武侯广场 ,10181
成都边防局宿舍,人民南路四段53号 ,0
成都滨江中路1号院,滨江中路1号 ,9803
成都八里小区刃具厂宿舍,八里小区师友路1号 ,8041
成都百花苑,大石东路右三巷1号 ,0
成都百花教师苑,大石西路54号 ,0
成都八二新区,一环路东二段15号 ,0
成都滨雅苑,成华区花径路189号 ,0
成都82信箱小区,建设路成都华联 ,9279
成都82宿舍,一环路东一段11号 ,8679
成都80派,光荣北路32号 ,9370
成都69宿舍,建设路54号 ,0
成都紫竹北街65号院,紫竹北街65号 ,9522
成都棕南丁区,棕南西街7号 ,0
成都紫荆小区58号院,紫荆小区58号院 ,9440
成都紫荆北路小区,紫荆北路58号 ,0
成都正府街小区,正府街55号 ,8630
成都窄巷子社区,窄巷子 ,37159
成都鑫通福地,公园路一段57号 ,5015
成都一环路南三段64号院,一环路南三段64号 ,9716
成都运动技术学院教师公寓,桐梓林北路3号 ,0
成都玉林街4号院,玉林街4号 ,8805
成都玉林北路小区,玉林北路3-15号 ,0
成都玉双路3号小区,玉双路3号院 ,0
成都玉林北巷,城南一环边上好又多附近 ,9497
成都银沙公寓,银沙横街1号 ,0
成都怡欣苑,金牛长庆东一路5号 ,8264
成都银海金岸,天府大道49号 ,4857
成都怡心苑,花山路609弄 ,0
成都益民苑,同和路 ,8191
成都怡福路,八里小区 ,8090
成都怡景阳光,石家碾东路280号 ,4224
成都永安家居,龙泉双街54号 ,5345
成都迎辉路小区,迎辉路125号 ,0
成都驿马桥小区,春兰路25号 ,5364
成都影城小区,华阳影城巷 ,5327
成都玉林正街社区,肖家河街40号 ,8758
成都育才路小区,育才路5-25号 ,0
成都一环路西三段11号院,一环路西三段11号 ,8481
成都月光诚品,武侯大道双楠段100号 ,0
成都玉林横街26号院,玉林横街26号 ,8596
成都玉通巷4号院,玉通巷4号 ,8436
成都营兴街2号院,营兴街2号 ,7962
成都大石西路62号院,武侯区内双楠大石西路62号 ,8184
成都东光警官公寓,东光南二巷9号 ,7967
成都财大职工宿舍,光华村街（乐宾百货旁） ,0
成都成达综合楼,玉洁东街2号18 ,0
成都川药厂宿舍,新鸿路北支路2号 ,0
成都川大附中,红瓦寺街 ,8565
成都512单位宿舍,一环路北一段59号 ,10068
成都402厂宿舍,菱窠东路122号 ,0
成都紫荆西路71号小区,紫荆西路71号 ,42636
成都中行宿舍,筒车巷29号 ,0
成都中新路17号院,中新路17号 ,9275
成都造纸厂宿舍,十五中街2号 ,0
成都自由新城,紫荆东路73号 ,9551
成都中冶成工大厦,锦江工业总部基地三色路199号 ,0
成都中铁龙郡,大邑大道128号 ,2854
成都中坝小区,培中路12号 ,5080
成都左岸花都悦扬,新城南天府大道与迎宾大道交汇处 ,6278
成都中道小区,二号桥头军转大厦背后 ,9079
成都新南公寓,新南路83号 ,0
成都雄峰苑,龙泉驿区鲸龙路2号 ,5140
成都西安路社区,青羊街西安路 ,8156
成都小天竺社区,电信路 ,8472
成都香木林沙河居,华油路95号新50号 ,0
成都星河路小区,星河路27号-67号 ,0
成都新花园,双林北横路131号 ,7747
成都西华门街5号院,西华门街5号 ,11090
成都新兴苑,三友路229号 ,0
成都西林小区,八里小区青龙场 ,0
成都西区丽景,犀浦镇兴业南街高新西区附近 ,5772
成都信禾人家,为民路新54号 ,0
成都禹顺苑,文明街198号 ,2626
成都阳光城小区,阳光体育城（阳光大道旁） ,3927
成都雅筑,锦华路二段88号 ,0
成都堰锦家园,光明街278号 ,4042
成都钰城花园二期,大道中段 ,4508
成都盐市口广场,梨花街2号 ,0
成都星辉中路20号,星辉中路20号 ,8968
成都月香丽苑,成都大学后门灵龙路 ,6727
成都怡和新城,怡安路200号 ,3444
成都营和街9号院,抚琴社区营和街9号 ,8115
成都玉林西街社区,玉林西街 ,8485
成都邮政局家属院,凤溪大道中段95号 ,0
成都怡馨苑,南熏大道二段988号 ,0
成都颐景园,百花巷24号 ,0
成都一环路南一段小区,一环路南一段5号 ,0
成都玉林美舍,芳草东街93号 ,8338
成都银沙北街58号院,银沙北街58号 ,23249
成都营和街100号院,营和街100号 ,8258
成都玉洁东街2号院,玉洁东街2号 ,9148
成都银沙横街10号院,银沙横街10号 ,8231
成都云浮阳光,二三环双楠武侯大道晋吉南路 ,7840
成都智业福地,赛云台北路9号 ,0
成都怡园,十陵上街64号 ,3549
成都怡和新居,怡和路188号 ,3676
成都五福苑,马家沟1号 ,14152
成都星光四季,成都市龙泉驿区长征北路115号 ,4928
成都星辉东路6号院,星辉东路6号 ,8149
成都肖家河东一巷3号小区,肖家河东一巷3号 ,8341
成都西北桥东街1号院,西北桥东街1号 ,8903
成都小天东巷90号院,小天东巷90号 ,7759
成都新疆石油花园,华阳镇华新下街太阳城旁边（华新... ,0
成都西安中路一巷35号院,西安中路一巷35号 ,8611
成都新世纪电脑城,一环路南二段2号 ,0
成都肖家河东三巷,肖家河东三巷2号 ,0
成都新华小区,新鸿南路77号 ,9588
成都晓天芳苑,小天西街5号 ,0
成都新都新筑,紫瑞街 ,6351
成都西贵坊,金河路258号 ,3619
成都现代生态水城,滨江路一段29号 ,3941
成都肖家河公寓,肖家河街 ,0
成都万德千雅,龙潭总部经济城成济路2号 ,0
成都望阳居,水乡街193号 ,0
成都温江农委家属院,温江区外北街31号 ,3410
成都温江粮食局家属院,长安路114号 ,0
成都武新花园,武青东路80号 ,0
成都文星湖夹滩,双流文星镇 ,0
成都万家和花园,电子路498号 ,4502
成都万欣名邸,仁和路87号 ,0
成都五冶小区,双桥路223号 ,0
成都西源.时代花城,郫县东大街680 时代花城 ,0
成都新华苑,人民南路四段51号 ,0
成都西财学府阳光,大学城海科路东段（西南财经大学旁） ,0
成都新城府景,政通路1399号 ,0
成都西藏运输宿舍,临港路3号（西南民族大学双流校区附近） ,0
成都西双园,西单商场旁 ,7674
成都新南苑,下莲池街4号 ,0
成都幸福里小区,西光华大道二段马厂村幸福里 ,5299
成都新都公安局宿舍,毕生路60号 ,3220
成都艺家二期,蜀汉路欧尚对面 ,9888
成都玉林街7号院,玉林街7号（四川省运动技术学院附近） ,8824
成都阳光苑,桐梓林东路22号 ,0
成都怡康公寓,肖家河东一巷6号 ,7354
成都王府春天花园,新下街39号 ,0
成都望江苑,滨河路一段40号 ,0
成都梧桐花园,奎光路301号 ,3734
成都天涯商住楼,四圣祠北街20号 ,0
成都天运小区,郫县城东巷160号 ,3126
成都天府明珠花园,郫县郫县泰山大道61号 ,7780
成都通祥苑,七道堰街3号 ,0
成都铁佛名苑,百锦路194号 ,0
成都天仙桥社区,天仙桥滨河路 ,0
成都同心路116号院,同心路116号 ,8026
成都坛神巷12号院,坛神巷12号 ,0
成都太升华园,马鞍南路110号 ,0
成都筒车巷新3号院,西门一环内马家花园筒车巷新3号 ,0
成都新华佳园,新鸿南路101号 ,0
成都西双苑,四威北路46号 ,0
成都西岭名苑,邑新大道110号 ,0
成都西区御景,红光镇正兴大道 ,7457
成都学堂南苑,二环路北一段68号 ,0
成都三和-同和路,金牛区黄忠同和路9号 ,0
成都五丁路9号院,五丁路9号（四川省林业中心医院对面） ,8654
成都武侯祠横街1号院,武侯祠横街1号 ,7970
成都望仙场街3号院,望仙场街3号 ,0
成都武侯祠横街8号,武侯祠横街8号 ,0
成都武候区政府宿舍,高升桥北街6号 ,0
成都万和电信公寓,万和路9号 ,0
成都文殊院公寓,文殊院酱园公所街58号 ,0
成都梧桐大院,新龙路88号（龙威纸厂原址） ,4484
成都万年场横街11号院,万年场横街11号 ,8170
成都同善桥东街8号,城西青羊区同善桥东街8号 ,0
成都泰华大厦,锦江锦江区东大街上东大街段96 ,0
成都桃蹊路小区,桃蹊路47-89号 ,0
成都同善横街8号院,同善横街8号院 ,0
成都同兴小区,同兴路7号（同兴路与同和路交汇处） ,0
成都天涯石南街小区,天涯石南街1-36号 ,22182
成都铁二局新运处,长兴街二巷8号 ,0
成都桐梓林商铺,桐梓林东路 ,0
成都同仁公寓,上同仁路61号 ,14899
成都同心苑,同友路9号（同友路与同兴路交汇处） ,0
成都天伦花园,二环路东一段68号 ,11083
成都桃蹊怡苑,桃蹊路189号 ,8069
成都泰丰佳寓,爵版街1号（爵版街与如是庵街交汇处） ,0
成都四川专用汽车厂宿舍,锦江区锦华路三段426号 ,0
成都蜀星苑,郫筒镇成灌西路 ,0
成都顺和人家,观音桥76号 ,0
成都双建公寓,东升街道一杆旗南二段 ,0
成都书南小区,北泉路288号 ,3691
成都世纪名居,长柏路18号 ,4952
成都双流县农业局宿舍,藏卫路115号 ,4177
成都盛世沙湾,沙湾路63号 ,0
成都水电七局干休所,一环路东南段139号 ,3803
成都四季青城,白鹤路1号（青城山前门300米） ,0
成都石人西街社区,青羊区石人西街 ,0
成都盛世中华,龙泉驿同安幸福路 ,8788
成都市容环卫局职工宿舍,科联街5号 ,0
成都顺江锦苑,西三环路一段150号 ,0
成都省农业厅宿舍,武侯祠大街4号 ,7188
成都武侯祠大街265号院,武候祠大街265号 ,8505
成都五桂园,华润路3号 ,0
成都外光荣小区,银沙正街 ,0
成都万高都市欣城,新南路8号（南台路与新南支路交界处） ,0
成都外经贸委宿舍,正通顺街140号 ,0
成都为民路新7号院,为民路新7号 ,8143
成都五大花园,二环路处五大花园清水河边 ,0
成都王家塘,王家塘 ,0
成都万福花园,星辉西路11号 ,0
成都水碾河35号院,水碾河35号 ,0
成都泰基北锦,互助路2号（解放西路与互助路交界处） ,0
成都天盛商务中心,航天北路(航天宾馆旁) ,0
成都天府汇城,科华中路9号 ,0
成都圣地名苑,府青路一段30号附6号 ,0
成都三鑫大厦,藏卫路北四段2号 ,0
成都实验小学宿舍,华阳华新中街 ,0
成都输气大院,长江西五横街46号 ,0
成都深越花园商住楼,永盛南街 ,0
成都输气小苑,长江东二横街65号 ,6272
成都和信·水沐天城,北部新城马超东路（香城中学对面） ,0
成都上升街14号,上升街14号 ,0
成都三鑫·雨竹居,长顺路 ,0
成都石人中巷,石人中巷 ,0
成都石人公园边单位宿舍,石人南路 ,0
成都SOHO商务港,宏济新路1号 ,0
成都书院西街50号院,书院西街50号 ,6937
成都水电花园,岷江路2号（岷江国际对面） ,4154
成都书院名居,郫县书院街83号 ,3969
成都双丰路61号院,武侯区双丰路61号 ,7189
成都世纪欣苑,世纪城路358号 ,0
成都水碾河路19号院,水碾河路19号 ,8770
成都柿子巷2号院,柿子巷2号 ,9560
成都思维源邸,武成大街111号 ,0
成都石人南路1号院,石人南路1号 ,0
成都石人西路8号院,石人西路8号 ,8571
成都上同仁路50号院,上同仁路50号 ,8545
成都蜀容街12号院,蜀容街12号 ,0
成都尚义居,二环路南四段16号 ,0
成都沙子堰东巷3号院,沙子堰东巷3号 ,0
成都沙子堰西巷2号院,沙子堰西巷2号 ,0
成都少陵横街1号院,少陵横街1号 ,0
成都十二北街13号院,十二北街13号 ,0
成都石人正街23号院,石人正街23号 ,7837
成都省计机关宿舍,天府广场喜来登人民中路一段 ,12293
成都蜀汉路4号院,金牛区蜀汉路4号 ,0
成都商检局宿舍,一环路南四段26号 ,0
成都苏坡中路77号,苏坡中路77号 ,0
成都书院街52号院,书院街52号 ,8631
成都沙河嘉苑,琉三路41号 ,0
成都狮子巷60号院,狮子巷60号 ,9422
成都水利院,牧电路17号 ,9037
成都四川大学农林村,望江路7号 ,0
成都水碾河南三街45号院,水碾河南三街45号 ,8314
成都顺福苑,武侯大道双楠段32号 ,0
成都送变电宿舍,少陵路457号 ,0
成都盛隆街2号院,盛隆街2号 ,16338
成都蜀东小区,二环路东一段新28号 ,0
成都三十所宿舍,新义西街11号 ,6972
成都石人南路31号院,石人南路31号 ,8077
成都水碾河社区,水碾河北三街近东风路和双桥子 ,0
成都双楠街61号院,双楠街61号 ,0
成都私享家,双林南支路8号 ,0
成都双桥路149号院,双桥路149号 ,0
成都十八步岛别墅,高新区中和街道迎江路198号（新国际会展中心旁） ,0
成都蜀风庭院,鹃兴路729号 ,4159
成都水岸汇景,金房苑横街106号 ,0
成都沙河风情,三友路215号 ,10205
成都蜀馨苑,双楠街242号 ,0
成都双楠兰苑,双楠街188号 ,0
成都双林二巷社区,双林二巷2号 ,8577
成都盛华苑,二环路东四段134号 ,0
成都顺城大道212号院,顺城大道212号 ,0
成都双林小区,双林路32号 ,0
成都双林三区,双林路3号（万年场苏宁电器旁） ,8301
成都省农行宿舍,一环路东三段双林路双林巷7号 ,0
成都水郡,市区蒲阳河上 ,10670
成都三和天骄年华,文星大道78号 ,4305
成都山水印象,西区骨干路一段 ,3964
成都上东吉座,均隆街6号（东门大桥附近） ,0
成都水都豪庭,彩虹大道南段885号 ,0
成都商环境,武侯外双楠武侯科技园 ,0
成都水印长滩,灌怀路1号（柏条河北路中段） ,3746
成都双楠美邻,逸都路1号（伊藤洋华堂双楠店对面） ,0
成都人商宿舍,营通街16号 ,0
成都瑞光花园,郫县紫荆巷1号 ,4710
成都润禾书苑,双流县龙灯山路一段11 ,0
成都瑞丰苑,卧龙街46号 ,9517
成都瑞金广场,高升桥路2号 ,0
成都荣华苑,龙舟路60号 ,0
成都人和佳苑,交大路189号 ,0
成都瑞苑,华油路95号 ,8369
成都西区地标,郫县泰山大道116号 ,11962
成都瑞升林韵,棠湖南路三段38号 ,4434
成都青年一号,天华路199号（天府软件园旁） ,0
成都青羊上街125号院,青羊上街125号 ,0
成都千祥公寓,棠中路三段82号 ,4816
成都清河苑,青羊区光华大道清水河公园旁边 ,0
成都青城后山峰安小筑,红岩新村泰安村九组 ,5737
成都奇新商住楼,华新下街 ,0
成都汽配公寓,二环路北三段88号 ,0
成都清江东路39号,清江东路39号 ,0
成都泉水人家三期,泉水北路239号 ,8902
成都清江东路358号,清江东路358号 ,0
成都七道堰街7号院,七道堰街7号 ,8036
成都清江南街小区,清江南街1号 ,0
成都清溪南街7号院,清溪南街7号 ,8062
成都群康路49号院,群康路49号 ,7758
成都群众路2号农垦局,一环路九眼桥川音旁 ,0
成都清水湾,天府大道 华阳南廷线 新希望大道 ,0
成都群星路3号院,群星路3号 ,0
成都青城山房,怀中路与便民路的交叉口 ,0
成都钱江凤凰城,滨水新城区凤凰大道366号 ,15000
成都亲河美地,互惠大道106号 ,0
成都启明家园,锦华路二段28号 ,0
成都青城水云间,青城后山，山门入口处 ,6678
成都齐盛花园,花径路4号（五块石客运站附近） ,0
成都郫县和平小区,望丛中路563号 ,4316
成都郫县星南苑,郫县新南街282号 ,4233
成都郫县东大街小区,东大街385号 ,4289
成都郫县西大街小区,郫筒镇西大街 ,0
成都郫县教师公寓,郫县南兴巷 ,0
成都平福路92号院,平福路92号 ,8228
成都毗河雅苑,新都班竹园镇 ,5906
成都欧苑,培风东路361号 ,5354
成都农商银行宿舍,武侯二环路南一段16号 ,18543
成都农牧局宿舍,七道堰12号 ,0
成都南兴小区,郫县郫筒镇南兴巷87号 ,3952
成都南城景秀,科华南路3号 ,0
成都农行家属院郫县,郫县望丛中路448号 ,3186
成都农校家属院,德通桥路（温江） ,0
成都南光工人厂宿舍,二环路东五段 ,0
成都牛沙路社区,二环路东四段牛沙路 ,0
成都牛王庙干部宿舍,牛王庙后街55号 ,8993
成都南光宿舍厂,二环内莲桂南路31号 ,0
成都南都邻秀,天和路307号 ,0
成都猛追湾东街,猛追湾东街 ,0
成都茗兴二期,成仁路 ,6002
成都明珠景苑,十陵上街103号 ,6554
成都苗溪公寓,龙泉驿区永溪街 ,0
成都名苑公寓,一环内市中心马家花园路 ,0
成都名企公馆,航天路6号 ,0
成都美舍公寓,芳草东街93号 ,0
成都懋园九里居,沙湾东一路10号 ,0
成都牧电路22号院,牧电路22号 ,8357
成都马鞍东路46栋,马鞍东路46栋 ,0
成都牧马山中行运林,双流航空港 ,0
